tanggal,kurs_jisdor,pct_change,target,kurs_besok
2021-09-01,14284,,STABIL,14281.0
2021-09-02,14281,-0.021002520302437766,TURUN,14261.0
2021-09-03,14261,-0.1400462152510329,TURUN,14239.0
2021-09-06,14239,-0.15426688170534497,TURUN,14195.0
2021-09-07,14195,-0.30901046421799583,NAIK,14266.0
2021-09-08,14266,0.5001761183515363,STABIL,14272.0
2021-09-09,14272,0.042058040095338534,TURUN,14225.0
2021-09-10,14225,-0.32931614349775984,NAIK,14260.0
2021-09-13,14260,0.2460456942003475,STABIL,14257.0
2021-09-14,14257,-0.021037868162687712,STABIL,14252.0
2021-09-15,14252,-0.03507049168829379,STABIL,14238.0
2021-09-16,14238,-0.09823182711198308,STABIL,14233.0
2021-09-17,14233,-0.035117291754460656,NAIK,14251.0
2021-09-20,14251,0.12646666198272705,STABIL,14244.0
2021-09-21,14244,-0.049119360044913574,STABIL,14249.0
2021-09-22,14249,0.0351024992979454,STABIL,14256.0
2021-09-23,14256,0.04912625447399677,STABIL,14250.0
2021-09-24,14250,-0.042087542087543284,STABIL,14258.0
2021-09-27,14258,0.056140350877198486,STABIL,14269.0
2021-09-28,14269,0.07714967036049902,NAIK,14307.0
2021-09-29,14307,0.26631158455392434,STABIL,14321.0
2021-09-30,14321,0.09785419724610556,STABIL,14315.0
2021-10-01,14315,-0.041896515606454354,TURUN,14276.0
2021-10-04,14276,-0.2724414949353826,TURUN,14260.0
2021-10-05,14260,-0.11207621182404148,TURUN,14245.0
2021-10-06,14245,-0.10518934081346076,STABIL,14238.0
2021-10-07,14238,-0.04914004914005066,STABIL,14225.0
2021-10-08,14225,-0.09130495856159992,TURUN,14210.0
2021-10-11,14210,-0.10544815465729496,STABIL,14217.0
2021-10-12,14217,0.04926108374383453,STABIL,14221.0
2021-10-13,14221,0.0281353309418364,TURUN,14155.0
2021-10-14,14155,-0.4641023837986036,TURUN,14084.0
2021-10-15,14084,-0.5015895443306273,STABIL,14096.0
2021-10-18,14096,0.08520306731041316,TURUN,14080.0
2021-10-19,14080,-0.11350737797957144,NAIK,14133.0
2021-10-21,14133,0.37642045454544526,NAIK,14162.0
2021-10-22,14162,0.2051935187150633,NAIK,14183.0
2021-10-25,14183,0.1482841406581059,TURUN,14165.0
2021-10-26,14165,-0.12691250088133765,NAIK,14184.0
2021-10-27,14184,0.13413342746204648,NAIK,14199.0
2021-10-28,14199,0.10575296108290555,TURUN,14171.0
2021-10-29,14171,-0.19719698570321853,NAIK,14235.0
2021-11-01,14235,0.45162656128714396,NAIK,14261.0
2021-11-02,14261,0.18264840182649067,NAIK,14301.0
2021-11-03,14301,0.2804852394642676,NAIK,14327.0
2021-11-04,14327,0.1818054681490766,NAIK,14374.0
2021-11-05,14374,0.32805192992253485,TURUN,14268.0
2021-11-08,14268,-0.7374426047029314,TURUN,14233.0
2021-11-09,14233,-0.24530417717970598,NAIK,14253.0
2021-11-10,14253,0.14051851331413623,NAIK,14288.0
2021-11-11,14288,0.2455623377534577,TURUN,14243.0
2021-11-12,14243,-0.314949608062709,TURUN,14206.0
2021-11-15,14206,-0.2597767324299616,STABIL,14211.0
2021-11-16,14211,0.035196395889069976,NAIK,14259.0
2021-11-17,14259,0.3377665188938117,TURUN,14231.0
2021-11-18,14231,-0.19636720667648433,STABIL,14237.0
2021-11-19,14237,0.042161478462521274,NAIK,14255.0
2021-11-22,14255,0.12643113015382568,NAIK,14272.0
2021-11-23,14272,0.11925640126271286,STABIL,14272.0
2021-11-24,14272,0.0,STABIL,14280.0
2021-11-25,14280,0.05605381165918466,STABIL,14280.0
2021-11-26,14280,0.0,NAIK,14340.0
2021-11-29,14340,0.42016806722688926,TURUN,14320.0
2021-11-30,14320,-0.1394700139469962,NAIK,14353.0
2021-12-01,14353,0.23044692737430594,NAIK,14378.0
2021-12-02,14378,0.17417961401797744,NAIK,14408.0
2021-12-03,14408,0.2086521073862757,NAIK,14441.0
2021-12-06,14441,0.22903942254304255,TURUN,14408.0
2021-12-07,14408,-0.22851603074579563,TURUN,14348.0
2021-12-08,14348,-0.41643531371460263,STABIL,14351.0
2021-12-09,14351,0.020908837468636143,NAIK,14378.0
2021-12-10,14378,0.18814019928925507,TURUN,14346.0
2021-12-13,14346,-0.22256224787869927,STABIL,14348.0
2021-12-14,14348,0.013941168269893112,STABIL,14337.0
2021-12-15,14337,-0.0766657373850066,STABIL,14343.0
2021-12-16,14343,0.04184975936387669,STABIL,14343.0
2021-12-17,14343,0.0,NAIK,14384.0
2021-12-20,14384,0.28585372655651753,TURUN,14349.0
2021-12-21,14349,-0.24332591768632117,TURUN,14264.0
2021-12-22,14264,-0.5923757753153569,STABIL,14251.0
2021-12-23,14251,-0.09113853056645915,TURUN,14219.0
2021-12-24,14219,-0.2245456459195827,STABIL,14225.0
2021-12-27,14225,0.04219706027146497,STABIL,14237.0
2021-12-28,14237,0.08435852372583597,NAIK,14265.0
2021-12-29,14265,0.19667064690593872,STABIL,14269.0
2021-12-30,14269,0.028040658955474917,STABIL,14278.0
2021-12-31,14278,0.06307379634171717,STABIL,14270.0
2022-01-03,14270,-0.05603025633842407,NAIK,14310.0
2022-01-04,14310,0.2803083391730965,NAIK,14365.0
2022-01-05,14365,0.38434661076169885,NAIK,14396.0
2022-01-06,14396,0.21580229725026712,TURUN,14360.0
2022-01-07,14360,-0.25006946373993255,TURUN,14323.0
2022-01-10,14323,-0.2576601671309242,TURUN,14299.0
2022-01-11,14299,-0.16756266145360188,STABIL,14302.0
2022-01-12,14302,0.020980488146027376,STABIL,14311.0
2022-01-13,14311,0.06292826178155853,STABIL,14310.0
2022-01-14,14310,-0.006987631891552937,STABIL,14323.0
2022-01-17,14323,0.09084556254368437,STABIL,14325.0
2022-01-18,14325,0.013963555121132565,NAIK,14370.0
2022-01-19,14370,0.3141361256544517,TURUN,14354.0
2022-01-20,14354,-0.11134307585246583,STABIL,14347.0
2022-01-21,14347,-0.04876689424551106,TURUN,14327.0
2022-01-24,14327,-0.13940196556770923,NAIK,14358.0
2022-01-25,14358,0.21637467718294,STABIL,14346.0
2022-01-26,14346,-0.08357709987463213,NAIK,14385.0
2022-01-27,14385,0.2718527812630711,STABIL,14381.0
2022-01-28,14381,-0.027806743135205814,STABIL,14392.0
2022-01-31,14392,0.07648981294763324,TURUN,14347.0
2022-02-02,14347,-0.31267370761534075,NAIK,14381.0
2022-02-03,14381,0.23698334146511346,STABIL,14376.0
2022-02-04,14376,-0.034768096794379755,NAIK,14404.0
2022-02-07,14404,0.19476905954367574,TURUN,14385.0
2022-02-08,14385,-0.13190780338794283,TURUN,14366.0
2022-02-09,14366,-0.13208202989224427,TURUN,14344.0
2022-02-10,14344,-0.15313935681470214,NAIK,14359.0
2022-02-11,14359,0.10457334076965363,TURUN,14338.0
2022-02-14,14338,-0.14624973883975434,TURUN,14292.0
2022-02-15,14292,-0.32082577765378817,STABIL,14278.0
2022-02-16,14278,-0.09795689896445747,NAIK,14301.0
2022-02-17,14301,0.1610869869729692,NAIK,14339.0
2022-02-18,14339,0.26571568421789316,STABIL,14329.0
2022-02-21,14329,-0.06973987028383588,NAIK,14362.0
2022-02-22,14362,0.23030218438131467,STABIL,14355.0
2022-02-23,14355,-0.04873972984263952,NAIK,14371.0
2022-02-24,14371,0.11145942180423862,STABIL,14369.0
2022-02-25,14369,-0.013916916011413871,TURUN,14350.0
2022-03-01,14350,-0.13222910432180157,NAIK,14373.0
2022-03-02,14373,0.1602787456445931,STABIL,14383.0
2022-03-04,14383,0.06957489737702272,NAIK,14411.0
2022-03-07,14411,0.19467426823334133,TURUN,14394.0
2022-03-08,14394,-0.11796544306432732,TURUN,14371.0
2022-03-09,14371,-0.15978880088926006,TURUN,14298.0
2022-03-10,14298,-0.5079674344165341,STABIL,14306.0
2022-03-11,14306,0.05595188138201035,NAIK,14328.0
2022-03-14,14328,0.15378163008528123,STABIL,14321.0
2022-03-15,14321,-0.04885538805137202,STABIL,14311.0
2022-03-16,14311,-0.06982752601075726,TURUN,14290.0
2022-03-17,14290,-0.14674026972258947,NAIK,14340.0
2022-03-18,14340,0.3498950314905436,STABIL,14341.0
2022-03-21,14341,0.0069735006973603575,NAIK,14358.0
2022-03-22,14358,0.11854124538037691,STABIL,14351.0
2022-03-23,14351,-0.04875330826020763,STABIL,14361.0
2022-03-24,14361,0.06968155529232245,TURUN,14341.0
2022-03-25,14341,-0.13926606782257434,NAIK,14360.0
2022-03-28,14360,0.13248727424866047,STABIL,14364.0
2022-03-29,14364,0.027855153203337757,TURUN,14349.0
2022-03-30,14349,-0.10442773600668476,STABIL,14357.0
2022-03-31,14357,0.05575301414733058,STABIL,14364.0
2022-04-01,14364,0.04875670404680399,STABIL,14362.0
2022-04-04,14362,-0.013923698134221674,STABIL,14348.0
2022-04-05,14348,-0.09747945968527905,NAIK,14364.0
2022-04-06,14364,0.1115137998327187,STABIL,14359.0
2022-04-07,14359,-0.034809245335565286,STABIL,14365.0
2022-04-08,14365,0.04178563966850124,STABIL,14370.0
2022-04-11,14370,0.03480682213714559,STABIL,14364.0
2022-04-12,14364,-0.041753653444676075,STABIL,14359.0
2022-04-13,14359,-0.034809245335565286,STABIL,14349.0
2022-04-14,14349,-0.0696427327808391,STABIL,14356.0
2022-04-18,14356,0.04878388737890038,STABIL,14347.0
2022-04-19,14347,-0.06269155753692024,STABIL,14351.0
2022-04-20,14351,0.027880393113544066,STABIL,14348.0
2022-04-21,14348,-0.020904466587690074,STABIL,14361.0
2022-04-22,14361,0.09060496236408255,NAIK,14452.0
2022-04-25,14452,0.6336606085927121,TURUN,14412.0
2022-04-26,14412,-0.2767783005812374,STABIL,14418.0
2022-04-27,14418,0.04163197335553814,NAIK,14480.0
2022-04-28,14480,0.4300180330142789,NAIK,14534.0
2022-05-09,14534,0.3729281767955728,STABIL,14546.0
2022-05-10,14546,0.08256501995320686,STABIL,14546.0
2022-05-11,14546,0.0,NAIK,14585.0
2022-05-12,14585,0.26811494568954597,NAIK,14619.0
2022-05-13,14619,0.23311621528967486,NAIK,14651.0
2022-05-17,14651,0.2188932211505623,NAIK,14682.0
2022-05-18,14682,0.21158965258343265,NAIK,14731.0
2022-05-19,14731,0.3337419970031341,TURUN,14661.0
2022-05-20,14661,-0.47518837824994664,STABIL,14665.0
2022-05-23,14665,0.027283268535560623,STABIL,14653.0
2022-05-24,14653,-0.08182748039550214,STABIL,14645.0
2022-05-25,14645,-0.054596328396916416,TURUN,14578.0
2022-05-27,14578,-0.45749402526459315,TURUN,14544.0
2022-05-30,14544,-0.2332281520098789,NAIK,14592.0
2022-05-31,14592,0.3300330033003229,TURUN,14526.0
2022-06-02,14526,-0.4523026315789491,TURUN,14431.0
2022-06-03,14431,-0.6539997246316931,NAIK,14462.0
2022-06-06,14462,0.21481532811309378,STABIL,14464.0
2022-06-07,14464,0.013829345871929632,STABIL,14477.0
2022-06-08,14477,0.08987831858406903,NAIK,14555.0
2022-06-09,14555,0.5387856600124419,STABIL,14569.0
2022-06-10,14569,0.09618687736172582,NAIK,14672.0
2022-06-13,14672,0.706980575193894,NAIK,14729.0
2022-06-14,14729,0.38849509269356375,NAIK,14746.0
2022-06-15,14746,0.11541856202050838,STABIL,14741.0
2022-06-16,14741,-0.03390750033906986,NAIK,14828.0
2022-06-17,14828,0.5901906247880007,STABIL,14836.0
2022-06-20,14836,0.05395198273536739,TURUN,14804.0
2022-06-21,14804,-0.21569156106767684,NAIK,14860.0
2022-06-22,14860,0.37827614158336687,TURUN,14835.0
2022-06-23,14835,-0.1682368775235532,STABIL,14846.0
2022-06-24,14846,0.07414897202562276,TURUN,14802.0
2022-06-27,14802,-0.296376128250031,NAIK,14837.0
2022-06-28,14837,0.23645453317118204,STABIL,14848.0
2022-06-29,14848,0.07413897688210991,NAIK,14882.0
2022-06-30,14882,0.2289870689655249,NAIK,14956.0
2022-07-01,14956,0.49724499395242816,STABIL,14960.0
2022-07-04,14960,0.026745119015769703,NAIK,14990.0
2022-07-05,14990,0.20053475935828402,NAIK,15015.0
2022-07-06,15015,0.16677785190126748,TURUN,14986.0
2022-07-07,14986,-0.19314019314019548,STABIL,14981.0
2022-07-08,14981,-0.03336447350861249,STABIL,14969.0
2022-07-11,14969,-0.08010146185167821,NAIK,14993.0
2022-07-12,14993,0.16033135145967492,STABIL,14985.0
2022-07-13,14985,-0.05335823384245986,STABIL,14999.0
2022-07-14,14999,0.0934267600934291,STABIL,14999.0
2022-07-15,14999,0.0,STABIL,14986.0
2022-07-18,14986,-0.08667244482966074,STABIL,14992.0
2022-07-19,14992,0.04003736821032167,STABIL,14984.0
2022-07-20,14984,-0.05336179295624133,NAIK,15017.0
2022-07-21,15017,0.22023491724505462,STABIL,15024.0
2022-07-22,15024,0.0466138376506553,TURUN,14992.0
2022-07-25,14992,-0.21299254526091493,STABIL,14984.0
2022-07-26,14984,-0.05336179295624133,NAIK,15020.0
2022-07-27,15020,0.2402562733582414,TURUN,14958.0
2022-07-28,14958,-0.4127829560585883,TURUN,14860.0
2022-07-29,14860,-0.6551678031822439,STABIL,14874.0
2022-08-01,14874,0.09421265141318358,STABIL,14888.0
2022-08-02,14888,0.09412397472099432,NAIK,14917.0
2022-08-03,14917,0.19478774852230707,STABIL,14929.0
2022-08-04,14929,0.08044512971776552,TURUN,14904.0
2022-08-05,14904,-0.16745930738830683,STABIL,14915.0
2022-08-08,14915,0.07380568974770796,TURUN,14862.0
2022-08-09,14862,-0.35534696614146766,STABIL,14875.0
2022-08-10,14875,0.0874714035796087,TURUN,14799.0
2022-08-11,14799,-0.5109243697479005,TURUN,14688.0
2022-08-12,14688,-0.750050679099934,NAIK,14727.0
2022-08-15,14727,0.2655228758170036,NAIK,14767.0
2022-08-16,14767,0.2716099680858397,NAIK,14822.0
2022-08-18,14822,0.3724520891176253,NAIK,14858.0
2022-08-19,14858,0.24288220213195544,NAIK,14882.0
2022-08-22,14882,0.16152914254947692,STABIL,14893.0
2022-08-23,14893,0.07391479639833332,TURUN,14851.0
2022-08-24,14851,-0.28201168334116566,TURUN,14827.0
2022-08-25,14827,-0.16160527910578093,STABIL,14814.0
2022-08-26,14814,-0.0876778849396409,NAIK,14887.0
2022-08-29,14887,0.4927771027406491,STABIL,14875.0
2022-08-30,14875,-0.08060724121716767,TURUN,14853.0
2022-08-31,14853,-0.1478991596638668,NAIK,14884.0
2022-09-01,14884,0.2087120447047841,NAIK,14900.0
2022-09-02,14900,0.10749798441278546,NAIK,14920.0
2022-09-05,14920,0.13422818791946067,TURUN,14885.0
2022-09-06,14885,-0.23458445040214215,NAIK,14927.0
2022-09-07,14927,0.28216325159555744,TURUN,14905.0
2022-09-08,14905,-0.14738393515106862,TURUN,14846.0
2022-09-09,14846,-0.39584032203958675,STABIL,14839.0
2022-09-12,14839,-0.047150747676139027,NAIK,14861.0
2022-09-13,14861,0.148257968865817,NAIK,14923.0
2022-09-14,14923,0.4171993809299446,TURUN,14899.0
2022-09-15,14899,-0.1608255712658324,NAIK,14939.0
2022-09-16,14939,0.2684743942546586,NAIK,14980.0
2022-09-19,14980,0.27444942767254066,STABIL,14975.0
2022-09-20,14975,-0.03337783711615527,NAIK,15011.0
2022-09-21,15011,0.24040066777963887,NAIK,15033.0
2022-09-22,15033,0.1465591899273866,STABIL,15035.0
2022-09-23,15035,0.01330406439166154,NAIK,15119.0
2022-09-26,15119,0.558696375124712,NAIK,15155.0
2022-09-27,15155,0.23811098617634308,NAIK,15243.0
2022-09-28,15243,0.5806664467172595,STABIL,15247.0
2022-09-29,15247,0.026241553499972703,STABIL,15232.0
2022-09-30,15232,-0.09838000918213075,NAIK,15293.0
2022-10-03,15293,0.40047268907563716,TURUN,15276.0
2022-10-04,15276,-0.1111619695285393,TURUN,15196.0
2022-10-05,15196,-0.523697302958892,STABIL,15197.0
2022-10-06,15197,0.006580679126089173,NAIK,15246.0
2022-10-07,15246,0.32243205895901017,NAIK,15299.0
2022-10-10,15299,0.3476321658139936,NAIK,15362.0
2022-10-11,15362,0.4117916203673522,STABIL,15373.0
2022-10-12,15373,0.07160525973179954,TURUN,15357.0
2022-10-13,15357,-0.1040785793273935,NAIK,15390.0
2022-10-14,15390,0.21488571986716387,NAIK,15480.0
2022-10-17,15480,0.5847953216374213,STABIL,15469.0
2022-10-18,15469,-0.07105943152454497,NAIK,15491.0
2022-10-19,15491,0.14221992371841186,NAIK,15579.0
2022-10-20,15579,0.5680717836162863,NAIK,15610.0
2022-10-21,15610,0.19898581423711814,TURUN,15590.0
2022-10-24,15590,-0.12812299807815064,NAIK,15616.0
2022-10-25,15616,0.16677357280308058,TURUN,15596.0
2022-10-26,15596,-0.1280737704917989,TURUN,15573.0
2022-10-27,15573,-0.14747371120800157,TURUN,15542.0
2022-10-28,15542,-0.1990624799332208,NAIK,15596.0
2022-10-31,15596,0.3474456311928886,NAIK,15647.0
2022-11-01,15647,0.32700692485252425,STABIL,15652.0
2022-11-02,15652,0.031955007349648845,NAIK,15681.0
2022-11-03,15681,0.18527983644263113,NAIK,15736.0
2022-11-04,15736,0.3507429373126758,TURUN,15692.0
2022-11-07,15692,-0.2796136248093495,STABIL,15684.0
2022-11-08,15684,-0.050981391791993236,TURUN,15654.0
2022-11-09,15654,-0.19127773527161107,NAIK,15701.0
2022-11-10,15701,0.3002427494570137,TURUN,15493.0
2022-11-11,15493,-1.3247563849436372,STABIL,15499.0
2022-11-14,15499,0.03872716710773272,NAIK,15564.0
2022-11-15,15564,0.41938189560617456,NAIK,15610.0
2022-11-16,15610,0.29555384219994707,NAIK,15687.0
2022-11-17,15687,0.4932735426008916,STABIL,15692.0
2022-11-18,15692,0.03187352584943515,STABIL,15707.0
2022-11-21,15707,0.09559010960999981,STABIL,15716.0
2022-11-22,15716,0.0572992933087102,TURUN,15700.0
2022-11-23,15700,-0.10180707559175328,TURUN,15647.0
2022-11-24,15647,-0.3375796178343937,NAIK,15668.0
2022-11-25,15668,0.13421103086854735,NAIK,15729.0
2022-11-28,15729,0.3893285677814662,STABIL,15737.0
2022-11-29,15737,0.050861466081753015,STABIL,15742.0
2022-11-30,15742,0.0317722564656453,TURUN,15617.0
2022-12-01,15617,-0.7940541227290043,TURUN,15429.0
2022-12-02,15429,-1.2038163539732305,TURUN,15409.0
2022-12-05,15409,-0.12962602890660424,NAIK,15576.0
2022-12-06,15576,1.083782205204753,NAIK,15619.0
2022-12-07,15619,0.27606574216743063,STABIL,15624.0
2022-12-08,15624,0.032012292720406954,TURUN,15587.0
2022-12-09,15587,-0.23681515616998938,NAIK,15642.0
2022-12-12,15642,0.3528581510232831,NAIK,15661.0
2022-12-13,15661,0.12146784298683322,TURUN,15619.0
2022-12-14,15619,-0.26818210842219914,STABIL,15630.0
2022-12-15,15630,0.07042704398489974,STABIL,15617.0
2022-12-16,15617,-0.08317338451695466,STABIL,15621.0
2022-12-19,15621,0.025613113914313423,STABIL,15608.0
2022-12-20,15608,-0.08322130465399091,STABIL,15601.0
2022-12-21,15601,-0.04484879548949383,STABIL,15594.0
2022-12-22,15594,-0.044868918659057844,STABIL,15605.0
2022-12-23,15605,0.07053995126331536,NAIK,15636.0
2022-12-26,15636,0.19865427747516318,NAIK,15659.0
2022-12-27,15659,0.1470964441033562,NAIK,15703.0
2022-12-28,15703,0.2809885688741298,NAIK,15731.0
2022-12-29,15731,0.17830987709355206,TURUN,15592.0
2022-12-30,15592,-0.8836056194774677,TURUN,15572.0
2023-01-02,15572,-0.12827090815803466,NAIK,15590.0
2023-01-03,15590,0.11559208836373625,NAIK,15615.0
2023-01-04,15615,0.1603592046183433,STABIL,15610.0
2023-01-05,15610,-0.032020493115592075,NAIK,15635.0
2023-01-06,15635,0.16015374759770218,TURUN,15574.0
2023-01-09,15574,-0.3901503038055698,STABIL,15589.0
2023-01-10,15589,0.09631437010402255,TURUN,15527.0
2023-01-11,15527,-0.3977163384437765,TURUN,15366.0
2023-01-12,15366,-1.0369034584916559,TURUN,15177.0
2023-01-13,15177,-1.2299882858258449,TURUN,15019.0
2023-01-16,15019,-1.0410489556565872,NAIK,15154.0
2023-01-17,15154,0.8988614421732377,TURUN,15137.0
2023-01-18,15137,-0.11218160221723172,TURUN,15113.0
2023-01-19,15113,-0.15855189271322123,STABIL,15121.0
2023-01-20,15121,0.05293455965063032,TURUN,14930.0
2023-01-24,14930,-1.2631439719595239,NAIK,14958.0
2023-01-25,14958,0.18754186202276646,STABIL,14964.0
2023-01-26,14964,0.040112314480555966,STABIL,14978.0
2023-01-27,14978,0.09355787222666834,STABIL,14979.0
2023-01-30,14979,0.006676458806254004,STABIL,14992.0
2023-01-31,14992,0.08678817010481232,STABIL,14991.0
2023-02-01,14991,-0.006670224119531554,TURUN,14868.0
2023-02-02,14868,-0.8204922953772287,NAIK,14898.0
2023-02-03,14898,0.20177562550443007,NAIK,15055.0
2023-02-06,15055,1.0538327292253902,NAIK,15139.0
2023-02-07,15139,0.5579541680504896,TURUN,15122.0
2023-02-08,15122,-0.11229275381464676,STABIL,15120.0
2023-02-09,15120,-0.013225763787860778,NAIK,15140.0
2023-02-10,15140,0.1322751322751392,NAIK,15216.0
2023-02-13,15216,0.5019815059445154,TURUN,15168.0
2023-02-14,15168,-0.3154574132492094,NAIK,15194.0
2023-02-15,15194,0.1714135021096963,TURUN,15176.0
2023-02-16,15176,-0.11846781624325065,NAIK,15199.0
2023-02-17,15199,0.15155508697943798,TURUN,15168.0
2023-02-20,15168,-0.2039607868938753,STABIL,15179.0
2023-02-21,15179,0.07252109704640741,NAIK,15218.0
2023-02-22,15218,0.25693392186574293,TURUN,15187.0
2023-02-23,15187,-0.2037061374687843,NAIK,15216.0
2023-02-24,15216,0.1909527885691764,NAIK,15274.0
2023-02-27,15274,0.3811777076761391,TURUN,15240.0
2023-02-28,15240,-0.22260049757758527,STABIL,15250.0
2023-03-01,15250,0.06561679790026975,NAIK,15273.0
2023-03-02,15273,0.15081967213115277,NAIK,15306.0
2023-03-03,15306,0.2160675702219672,STABIL,15301.0
2023-03-06,15301,-0.0326669280020897,NAIK,15359.0
2023-03-07,15359,0.3790601921443093,NAIK,15451.0
2023-03-08,15451,0.5989973305553731,STABIL,15438.0
2023-03-09,15438,-0.08413694906478364,NAIK,15468.0
2023-03-10,15468,0.1943256898562007,TURUN,15374.0
2023-03-13,15374,-0.6077062322213611,STABIL,15380.0
2023-03-14,15380,0.039026928580709885,STABIL,15365.0
2023-03-15,15365,-0.09752925877762886,NAIK,15418.0
2023-03-16,15418,0.34493979824274934,TURUN,15364.0
2023-03-17,15364,-0.35023997924503725,STABIL,15372.0
2023-03-20,15372,0.05206977349647701,TURUN,15349.0
2023-03-21,15349,-0.14962269060629918,TURUN,15189.0
2023-03-24,15189,-1.0424131865268138,STABIL,15174.0
2023-03-27,15174,-0.09875567845151201,TURUN,15088.0
2023-03-28,15088,-0.5667589297482567,STABIL,15094.0
2023-03-29,15094,0.03976670201484289,TURUN,15062.0
2023-03-30,15062,-0.21200477010733243,TURUN,14977.0
2023-03-31,14977,-0.5643340857787837,STABIL,14990.0
2023-04-03,14990,0.0867997596314396,TURUN,14913.0
2023-04-04,14913,-0.5136757838559047,NAIK,14933.0
2023-04-05,14933,0.13411117816670703,STABIL,14943.0
2023-04-06,14943,0.0669657804861723,TURUN,14905.0
2023-04-10,14905,-0.2542996720872659,TURUN,14888.0
2023-04-11,14888,-0.11405568601140503,TURUN,14866.0
2023-04-12,14866,-0.14777001612036322,TURUN,14792.0
2023-04-13,14792,-0.497780169514328,TURUN,14666.0
2023-04-14,14666,-0.8518117901568423,NAIK,14773.0
2023-04-17,14773,0.7295786172098806,NAIK,14855.0
2023-04-18,14855,0.5550666756921396,NAIK,14882.0
2023-04-26,14882,0.18175698418041453,TURUN,14751.0
2023-04-27,14751,-0.8802580298347018,TURUN,14661.0
2023-04-28,14661,-0.6101281269066505,NAIK,14703.0
2023-05-02,14703,0.28647431962349756,STABIL,14706.0
2023-05-03,14706,0.02040399918383784,TURUN,14632.0
2023-05-04,14632,-0.5031959744322023,NAIK,14674.0
2023-05-05,14674,0.28704209950791704,NAIK,14709.0
2023-05-08,14709,0.23851710508382418,NAIK,14757.0
2023-05-09,14757,0.3263308178666158,STABIL,14746.0
2023-05-10,14746,-0.07454089584604251,TURUN,14722.0
2023-05-11,14722,-0.16275600162756199,NAIK,14752.0
2023-05-12,14752,0.2037766607797753,NAIK,14812.0
2023-05-15,14812,0.40672451193057846,STABIL,14810.0
2023-05-16,14810,-0.013502565487444329,NAIK,14875.0
2023-05-17,14875,0.4388926401080351,NAIK,14936.0
2023-05-19,14936,0.4100840336134448,TURUN,14897.0
2023-05-22,14897,-0.26111408677021997,TURUN,14878.0
2023-05-23,14878,-0.1275424582130591,NAIK,14905.0
2023-05-24,14905,0.18147600483935378,NAIK,14952.0
2023-05-25,14952,0.3153304260315348,STABIL,14959.0
2023-05-26,14959,0.0468164794007464,STABIL,14973.0
2023-05-29,14973,0.0935891436593339,STABIL,14969.0
2023-05-30,14969,-0.026714753222467635,NAIK,15003.0
2023-05-31,15003,0.22713608123454687,TURUN,14888.0
2023-06-05,14888,-0.7665133639938704,TURUN,14839.0
2023-06-06,14839,-0.3291241268135403,NAIK,14875.0
2023-06-07,14875,0.24260394905317728,NAIK,14903.0
2023-06-08,14903,0.1882352941176446,TURUN,14853.0
2023-06-09,14853,-0.3355029188753966,NAIK,14874.0
2023-06-12,14874,0.14138557867098278,STABIL,14868.0
2023-06-13,14868,-0.04033884630899598,NAIK,14895.0
2023-06-14,14895,0.1815980629539915,NAIK,14943.0
2023-06-15,14943,0.322255790533732,STABIL,14945.0
2023-06-16,14945,0.01338419326775142,NAIK,14994.0
2023-06-19,14994,0.3278688524590123,NAIK,15040.0
2023-06-20,15040,0.3067893824196366,TURUN,14982.0
2023-06-21,14982,-0.38563829787233717,TURUN,14918.0
2023-06-22,14918,-0.4271792818048348,NAIK,14998.0
2023-06-23,14998,0.5362649148679344,NAIK,15026.0
2023-06-26,15026,0.18669155887451883,TURUN,15000.0
2023-06-27,15000,-0.17303340875814976,NAIK,15034.0
2023-07-03,15034,0.2266666666666639,TURUN,15018.0
2023-07-04,15018,-0.10642543567912499,STABIL,15013.0
2023-07-05,15013,-0.033293381275800726,NAIK,15062.0
2023-07-06,15062,0.3263838007060649,NAIK,15136.0
2023-07-07,15136,0.4913026158544609,NAIK,15192.0
2023-07-10,15192,0.36997885835095,TURUN,15162.0
2023-07-11,15162,-0.1974723538704537,TURUN,15084.0
2023-07-12,15084,-0.5144440047487153,TURUN,14978.0
2023-07-13,14978,-0.7027313709891292,TURUN,14945.0
2023-07-14,14945,-0.2203231406062267,NAIK,15007.0
2023-07-17,15007,0.41485446637672396,STABIL,14994.0
2023-07-18,14994,-0.08662624108749517,STABIL,14991.0
2023-07-20,14991,-0.02000800320127727,NAIK,15026.0
2023-07-21,15026,0.23347341738375604,STABIL,15028.0
2023-07-24,15028,0.013310262212162804,TURUN,15007.0
2023-07-25,15007,-0.13973915357998745,NAIK,15032.0
2023-07-26,15032,0.16658892516825397,TURUN,15003.0
2023-07-27,15003,-0.19292176689728047,NAIK,15083.0
2023-07-28,15083,0.5332266879957359,STABIL,15092.0
2023-07-31,15092,0.05966982695750911,NAIK,15117.0
2023-08-01,15117,0.16565067585476712,NAIK,15171.0
2023-08-02,15171,0.3572137328835101,NAIK,15198.0
2023-08-03,15198,0.17797112912794066,TURUN,15168.0
2023-08-04,15168,-0.19739439399920622,STABIL,15178.0
2023-08-07,15178,0.0659282700421926,NAIK,15229.0
2023-08-08,15229,0.3360126498880067,TURUN,15206.0
2023-08-09,15206,-0.15102764462538998,STABIL,15204.0
2023-08-10,15204,-0.013152702880436795,NAIK,15225.0
2023-08-11,15225,0.13812154696133394,NAIK,15323.0
2023-08-14,15323,0.6436781609195474,NAIK,15346.0
2023-08-15,15346,0.15010115512628097,TURUN,15308.0
2023-08-16,15308,-0.24762153004039833,STABIL,15308.0
2023-08-18,15308,0.0,NAIK,15329.0
2023-08-21,15329,0.1371831721975525,STABIL,15326.0
2023-08-22,15326,-0.019570748254937875,STABIL,15319.0
2023-08-23,15319,-0.04567401800861237,TURUN,15253.0
2023-08-24,15253,-0.43083752203146863,NAIK,15297.0
2023-08-25,15297,0.2884678423916709,STABIL,15294.0
2023-08-28,15294,-0.01961168856638995,TURUN,15263.0
2023-08-29,15263,-0.20269386687590263,TURUN,15239.0
2023-08-30,15239,-0.1572430059621266,STABIL,15237.0
2023-08-31,15237,-0.013124220749394233,STABIL,15252.0
2023-09-01,15252,0.098444575703871,STABIL,15247.0
2023-09-04,15247,-0.032782585890378524,STABIL,15260.0
2023-09-05,15260,0.08526267462451997,NAIK,15307.0
2023-09-06,15307,0.3079947575360453,NAIK,15334.0
2023-09-07,15334,0.17638988697981084,STABIL,15341.0
2023-09-08,15341,0.04565018912221497,STABIL,15352.0
2023-09-11,15352,0.07170327879537641,STABIL,15344.0
2023-09-12,15344,-0.05211047420531356,NAIK,15367.0
2023-09-13,15367,0.14989572471324486,STABIL,15357.0
2023-09-14,15357,-0.06507451031431133,STABIL,15367.0
2023-09-15,15367,0.06511688480823619,STABIL,15373.0
2023-09-18,15373,0.03904470618858458,STABIL,15381.0
2023-09-19,15381,0.05203928966368565,STABIL,15396.0
2023-09-20,15396,0.09752291788569512,STABIL,15397.0
2023-09-21,15397,0.006495193556776968,STABIL,15383.0
2023-09-22,15383,-0.09092680392284169,NAIK,15399.0
2023-09-25,15399,0.10401092114671329,NAIK,15464.0
2023-09-26,15464,0.4221053315150325,NAIK,15526.0
2023-09-27,15526,0.40093119503361585,TURUN,15487.0
2023-09-29,15487,-0.2511915496586359,NAIK,15519.0
2023-10-02,15519,0.20662491121585802,NAIK,15600.0
2023-10-03,15600,0.5219408467040498,NAIK,15636.0
2023-10-04,15636,0.2307692307692344,TURUN,15601.0
2023-10-05,15601,-0.22384241493987878,NAIK,15628.0
2023-10-06,15628,0.17306582911351676,NAIK,15675.0
2023-10-09,15675,0.3007422574865526,NAIK,15708.0
2023-10-10,15708,0.21052631578948322,STABIL,15710.0
2023-10-11,15710,0.01273236567354008,STABIL,15702.0
2023-10-12,15702,-0.05092297899427223,STABIL,15709.0
2023-10-13,15709,0.04458030824099346,STABIL,15716.0
2023-10-16,15716,0.044560443058117016,STABIL,15718.0
2023-10-17,15718,0.012725884448960834,STABIL,15731.0
2023-10-18,15731,0.08270772362894974,NAIK,15838.0
2023-10-19,15838,0.6801856207488299,NAIK,15856.0
2023-10-20,15856,0.11365071347393396,NAIK,15943.0
2023-10-23,15943,0.548688193743696,TURUN,15869.0
2023-10-24,15869,-0.4641535470112257,STABIL,15871.0
2023-10-25,15871,0.012603188606719051,NAIK,15933.0
2023-10-26,15933,0.390649612500793,STABIL,15941.0
2023-10-27,15941,0.0502102554446715,TURUN,15916.0
2023-10-30,15916,-0.1568283043723695,TURUN,15897.0
2023-10-31,15897,-0.11937672782106334,NAIK,15946.0
2023-11-01,15946,0.3082342580360997,TURUN,15861.0
2023-11-02,15861,-0.5330490405117239,TURUN,15771.0
2023-11-03,15771,-0.5674295441649324,TURUN,15550.0
2023-11-06,15550,-1.4013061949147199,NAIK,15593.0
2023-11-07,15593,0.2765273311897021,NAIK,15629.0
2023-11-08,15629,0.23087282755083205,NAIK,15649.0
2023-11-09,15649,0.1279672403864618,NAIK,15693.0
2023-11-10,15693,0.2811681257588239,NAIK,15713.0
2023-11-13,15713,0.12744535780284671,STABIL,15699.0
2023-11-14,15699,-0.08909819894354909,TURUN,15503.0
2023-11-15,15503,-1.2484871647875706,NAIK,15595.0
2023-11-16,15595,0.5934335289943915,TURUN,15504.0
2023-11-17,15504,-0.5835203590894511,TURUN,15419.0
2023-11-20,15419,-0.5482456140350922,NAIK,15436.0
2023-11-21,15436,0.11025358324145973,NAIK,15584.0
2023-11-22,15584,0.9587976159626921,STABIL,15593.0
2023-11-23,15593,0.0577515400410622,STABIL,15587.0
2023-11-24,15587,-0.03847880459180164,TURUN,15527.0
2023-11-27,15527,-0.38493616475268055,TURUN,15450.0
2023-11-28,15450,-0.4959103497134021,TURUN,15384.0
2023-11-29,15384,-0.4271844660194146,NAIK,15484.0
2023-11-30,15484,0.6500260010400494,NAIK,15524.0
2023-12-01,15524,0.25833118057350113,TURUN,15446.0
2023-12-04,15446,-0.5024478227261042,NAIK,15504.0
2023-12-05,15504,0.3755017480253864,STABIL,15504.0
2023-12-06,15504,0.0,NAIK,15536.0
2023-12-07,15536,0.20639834881321928,TURUN,15500.0
2023-12-08,15500,-0.23171987641606995,NAIK,15614.0
2023-12-11,15614,0.7354838709677347,NAIK,15631.0
2023-12-12,15631,0.10887664916101603,STABIL,15629.0
2023-12-13,15629,-0.012795086686712143,TURUN,15493.0
2023-12-14,15493,-0.8701772346279335,STABIL,15503.0
2023-12-15,15503,0.06454527851287306,STABIL,15516.0
2023-12-18,15516,0.08385473779268793,STABIL,15506.0
2023-12-19,15506,-0.06444960041247505,STABIL,15512.0
2023-12-20,15512,0.0386946988262693,NAIK,15533.0
2023-12-21,15533,0.13537906137184308,TURUN,15489.0
2023-12-22,15489,-0.2832678812850098,TURUN,15414.0
2023-12-27,15414,-0.4842146039124584,STABIL,15416.0
2023-12-28,15416,0.012975217334898481,NAIK,15439.0
2023-12-29,15439,0.1491956408925743,NAIK,15473.0
2024-01-02,15473,0.22022151693763536,NAIK,15495.0
2024-01-03,15495,0.14218315775866852,NAIK,15525.0
2024-01-04,15525,0.1936108422071703,STABIL,15518.0
2024-01-05,15518,-0.04508856682770013,STABIL,15522.0
2024-01-08,15522,0.025776517592479564,STABIL,15518.0
2024-01-09,15518,-0.02576987501610173,NAIK,15568.0
2024-01-10,15568,0.32220646990590573,STABIL,15558.0
2024-01-11,15558,-0.0642343268242529,STABIL,15559.0
2024-01-12,15559,0.006427561383204328,STABIL,15555.0
2024-01-15,15555,-0.02570859309724005,NAIK,15592.0
2024-01-16,15592,0.2378656380584987,NAIK,15639.0
2024-01-17,15639,0.30143663417137034,STABIL,15630.0
2024-01-18,15630,-0.05754843660080722,STABIL,15628.0
2024-01-19,15628,-0.01279590531030328,STABIL,15627.0
2024-01-22,15627,-0.006398771435889294,NAIK,15656.0
2024-01-23,15656,0.18557624624047087,NAIK,15719.0
2024-01-24,15719,0.4024016351558579,NAIK,15767.0
2024-01-25,15767,0.30536293657357216,NAIK,15829.0
2024-01-26,15829,0.3932263588507734,STABIL,15825.0
2024-01-29,15825,-0.0252700739149625,TURUN,15796.0
2024-01-30,15796,-0.18325434439178112,STABIL,15803.0
2024-01-31,15803,0.04431501645987268,TURUN,15775.0
2024-02-01,15775,-0.17718154780738127,TURUN,15688.0
2024-02-02,15688,-0.5515055467511853,NAIK,15705.0
2024-02-05,15705,0.10836308006119122,NAIK,15734.0
2024-02-06,15734,0.18465456860872198,TURUN,15685.0
2024-02-07,15685,-0.3114274818863616,TURUN,15612.0
2024-02-12,15612,-0.46541281479119956,TURUN,15585.0
2024-02-13,15585,-0.17294388931591298,NAIK,15606.0
2024-02-15,15606,0.13474494706449125,NAIK,15654.0
2024-02-16,15654,0.3075740099961477,TURUN,15630.0
2024-02-19,15630,-0.15331544653123252,NAIK,15659.0
2024-02-20,15659,0.1855406269993587,STABIL,15658.0
2024-02-21,15658,-0.0063861038380519375,TURUN,15630.0
2024-02-22,15630,-0.17882232724485414,TURUN,15589.0
2024-02-23,15589,-0.26231605886116727,NAIK,15635.0
2024-02-26,15635,0.2950798640066754,NAIK,15655.0
2024-02-27,15655,0.12791813239527716,NAIK,15673.0
2024-02-28,15673,0.11497923985948066,NAIK,15715.0
2024-02-29,15715,0.26797677534613484,TURUN,15696.0
2024-03-01,15696,-0.12090359529112193,NAIK,15723.0
2024-03-04,15723,0.17201834862385912,NAIK,15756.0
2024-03-05,15756,0.20988360999809608,TURUN,15723.0
2024-03-06,15723,-0.20944402132521134,TURUN,15658.0
2024-03-07,15658,-0.41340711060230406,TURUN,15603.0
2024-03-08,15603,-0.351258142802402,TURUN,15576.0
2024-03-13,15576,-0.17304364545279727,STABIL,15582.0
2024-03-14,15582,0.038520801232655444,NAIK,15624.0
2024-03-15,15624,0.26954177897573484,NAIK,15672.0
2024-03-18,15672,0.3072196620583778,NAIK,15712.0
2024-03-19,15712,0.2552322613578406,STABIL,15727.0
2024-03-20,15727,0.09546843177188347,TURUN,15662.0
2024-03-21,15662,-0.41330196477396,NAIK,15773.0
2024-03-22,15773,0.7087217469033291,NAIK,15795.0
2024-03-25,15795,0.13947885627338952,STABIL,15797.0
2024-03-26,15797,0.01266223488445295,NAIK,15853.0
2024-03-27,15853,0.3544976894346963,NAIK,15873.0
2024-03-28,15873,0.12615908660822406,NAIK,15909.0
2024-04-01,15909,0.22680022680021672,NAIK,15934.0
2024-04-02,15934,0.15714375510718082,STABIL,15923.0
2024-04-03,15923,-0.069034768419729,TURUN,15907.0
2024-04-04,15907,-0.10048357721534895,TURUN,15873.0
2024-04-05,15873,-0.21374237756962566,NAIK,16176.0
2024-04-16,16176,1.9089019089019166,NAIK,16240.0
2024-04-17,16240,0.3956478733926794,TURUN,16177.0
2024-04-18,16177,-0.387931034482758,NAIK,16280.0
2024-04-19,16280,0.6367064350621288,TURUN,16224.0
2024-04-22,16224,-0.3439803439803435,NAIK,16244.0
2024-04-23,16244,0.12327416173569805,TURUN,16161.0
2024-04-24,16161,-0.5109578921447921,NAIK,16208.0
2024-04-25,16208,0.2908235876492693,STABIL,16222.0
2024-04-26,16222,0.08637709772951752,NAIK,16249.0
2024-04-29,16249,0.16644063617310412,NAIK,16276.0
2024-04-30,16276,0.16616407163518865,TURUN,16202.0
2024-05-02,16202,-0.4546571639223451,TURUN,16094.0
2024-05-03,16094,-0.6665843722997167,TURUN,16025.0
2024-05-06,16025,-0.42873120417546984,NAIK,16054.0
2024-05-07,16054,0.18096723868954445,NAIK,16081.0
2024-05-08,16081,0.16818238445246436,STABIL,16085.0
2024-05-13,16085,0.024874074995340223,NAIK,16131.0
2024-05-14,16131,0.28598072738577063,TURUN,16070.0
2024-05-15,16070,-0.37815386522843664,TURUN,15944.0
2024-05-16,15944,-0.7840696950840109,NAIK,15978.0
2024-05-17,15978,0.21324636226793814,STABIL,15980.0
2024-05-20,15980,0.012517211165352649,NAIK,16024.0
2024-05-21,16024,0.27534418022527873,TURUN,15995.0
2024-05-22,15995,-0.18097853220169213,NAIK,16064.0
2024-05-27,16064,0.43138480775242183,NAIK,16095.0
2024-05-28,16095,0.19297808764939806,NAIK,16160.0
2024-05-29,16160,0.40385212799005643,NAIK,16253.0
2024-05-30,16253,0.5754950495049593,STABIL,16251.0
2024-05-31,16251,-0.012305420537750411,TURUN,16225.0
2024-06-03,16225,-0.1599901544520388,STABIL,16220.0
2024-06-04,16220,-0.030816640986131016,NAIK,16282.0
2024-06-05,16282,0.38224414303329457,STABIL,16279.0
2024-06-06,16279,-0.01842525488269242,TURUN,16218.0
2024-06-07,16218,-0.3747158916395321,NAIK,16290.0
2024-06-10,16290,0.4439511653718142,STABIL,16295.0
2024-06-11,16295,0.030693677102511252,STABIL,16297.0
2024-06-12,16297,0.012273703590048868,STABIL,16286.0
2024-06-13,16286,-0.06749708535312982,NAIK,16374.0
2024-06-14,16374,0.5403413975193505,STABIL,16368.0
2024-06-19,16368,-0.03664345914253797,NAIK,16420.0
2024-06-20,16420,0.3176930596285432,NAIK,16458.0
2024-06-21,16458,0.23142509135201106,TURUN,16431.0
2024-06-24,16431,-0.16405395552314683,TURUN,16379.0
2024-06-25,16379,-0.3164749558760893,NAIK,16435.0
2024-06-26,16435,0.34190121497039705,STABIL,16421.0
2024-06-27,16421,-0.08518405841192456,TURUN,16394.0
2024-06-28,16394,-0.16442360392180388,TURUN,16355.0
2024-07-01,16355,-0.23789191167500334,NAIK,16384.0
2024-07-02,16384,0.1773158055640378,STABIL,16387.0
2024-07-03,16387,0.018310546875,TURUN,16341.0
2024-07-04,16341,-0.28071031915543054,TURUN,16312.0
2024-07-05,16312,-0.17746771923382587,TURUN,16265.0
2024-07-08,16265,-0.2881314369789112,STABIL,16281.0
2024-07-09,16281,0.0983707347064211,TURUN,16256.0
2024-07-10,16256,-0.15355322154658735,TURUN,16200.0
2024-07-11,16200,-0.34448818897637734,TURUN,16154.0
2024-07-12,16154,-0.28395061728394566,NAIK,16174.0
2024-07-15,16174,0.12380834468244117,NAIK,16203.0
2024-07-16,16203,0.17930011128972634,TURUN,16129.0
2024-07-17,16129,-0.4567055483552407,NAIK,16160.0
2024-07-18,16160,0.1922003844007758,NAIK,16199.0
2024-07-19,16199,0.24133663366336933,NAIK,16228.0
2024-07-22,16228,0.17902339650595067,TURUN,16204.0
2024-07-23,16204,-0.14789253142716285,NAIK,16224.0
2024-07-24,16224,0.12342631449024921,NAIK,16268.0
2024-07-25,16268,0.2712031558185446,NAIK,16294.0
2024-07-26,16294,0.15982296533070262,STABIL,16286.0
2024-07-29,16286,-0.04909782742114066,NAIK,16320.0
2024-07-30,16320,0.20876826722338038,TURUN,16294.0
2024-07-31,16294,-0.1593137254901955,TURUN,16243.0
2024-08-01,16243,-0.3129986498097481,STABIL,16234.0
2024-08-02,16234,-0.055408483654495466,TURUN,16154.0
2024-08-05,16154,-0.492792903782191,NAIK,16183.0
2024-08-06,16183,0.17952209978953082,TURUN,16100.0
2024-08-07,16100,-0.5128838905023803,TURUN,15952.0
2024-08-08,15952,-0.9192546583850936,TURUN,15914.0
2024-08-09,15914,-0.23821464393180003,NAIK,15963.0
2024-08-12,15963,0.3079049893175867,TURUN,15885.0
2024-08-13,15885,-0.48862995677504406,TURUN,15691.0
2024-08-14,15691,-1.2212779351589598,STABIL,15687.0
2024-08-15,15687,-0.025492320438469385,NAIK,15716.0
2024-08-16,15716,0.18486644992670165,TURUN,15591.0
2024-08-19,15591,-0.7953677780605739,TURUN,15480.0
2024-08-20,15480,-0.7119492014623807,TURUN,15456.0
2024-08-21,15456,-0.15503875968991832,NAIK,15579.0
2024-08-22,15579,0.7958074534161419,TURUN,15554.0
2024-08-23,15554,-0.16047243083637808,TURUN,15380.0
2024-08-26,15380,-1.118683296901124,NAIK,15509.0
2024-08-27,15509,0.8387516254876548,TURUN,15476.0
2024-08-28,15476,-0.21277967631697647,TURUN,15409.0
2024-08-29,15409,-0.43292840527268117,NAIK,15473.0
2024-08-30,15473,0.41534168343175804,NAIK,15536.0
2024-09-02,15536,0.4071608608543942,NAIK,15557.0
2024-09-03,15557,0.1351699279093621,TURUN,15490.0
2024-09-04,15490,-0.4306742945297981,TURUN,15410.0
2024-09-05,15410,-0.5164622336991553,TURUN,15372.0
2024-09-06,15372,-0.24659312134976963,NAIK,15446.0
2024-09-09,15446,0.4813947436898225,STABIL,15447.0
2024-09-10,15447,0.006474168069403596,TURUN,15415.0
2024-09-11,15415,-0.2071599663365009,STABIL,15421.0
2024-09-12,15421,0.03892312682451937,TURUN,15405.0
2024-09-13,15405,-0.10375462032293781,TURUN,15338.0
2024-09-17,15338,-0.4349237260629635,STABIL,15350.0
2024-09-18,15350,0.07823705828660099,TURUN,15287.0
2024-09-19,15287,-0.4104234527687267,TURUN,15100.0
2024-09-20,15100,-1.223261594819125,NAIK,15191.0
2024-09-23,15191,0.6026490066225243,STABIL,15186.0
2024-09-24,15186,-0.03291422552826884,TURUN,15092.0
2024-09-25,15092,-0.618991176083239,NAIK,15171.0
2024-09-26,15171,0.5234561357010392,TURUN,15138.0
2024-09-27,15138,-0.217520268934146,STABIL,15144.0
2024-09-30,15144,0.03963535473643365,NAIK,15204.0
2024-10-01,15204,0.3961965134706924,NAIK,15247.0
2024-10-02,15247,0.2828203104446203,NAIK,15394.0
2024-10-03,15394,0.964124089984919,NAIK,15495.0
2024-10-04,15495,0.6560997791347223,NAIK,15680.0
2024-10-07,15680,1.1939335269441687,STABIL,15671.0
2024-10-08,15671,-0.0573979591836693,TURUN,15607.0
2024-10-09,15607,-0.40839767723821474,NAIK,15658.0
2024-10-10,15658,0.32677644646632587,TURUN,15609.0
2024-10-11,15609,-0.3129390726784975,TURUN,15581.0
2024-10-14,15581,-0.17938368889742762,TURUN,15555.0
2024-10-15,15555,-0.16686990565432103,TURUN,15536.0
2024-10-16,15536,-0.12214721954355579,TURUN,15516.0
2024-10-17,15516,-0.12873326467559565,TURUN,15466.0
2024-10-18,15466,-0.32224800206238635,STABIL,15465.0
2024-10-21,15465,-0.006465795939480934,NAIK,15560.0
2024-10-22,15560,0.6142903330100147,NAIK,15620.0
2024-10-23,15620,0.3856041131105492,TURUN,15593.0
2024-10-24,15593,-0.17285531370038187,NAIK,15629.0
2024-10-25,15629,0.23087282755083205,NAIK,15729.0
2024-10-28,15729,0.639836201932309,NAIK,15760.0
2024-10-29,15760,0.19708818106682902,TURUN,15732.0
2024-10-30,15732,-0.17766497461928488,TURUN,15705.0
2024-10-31,15705,-0.17162471395880674,NAIK,15723.0
2024-11-01,15723,0.11461318051575464,NAIK,15751.0
2024-11-04,15751,0.17808306302868893,STABIL,15766.0
2024-11-05,15766,0.09523204875880875,NAIK,15840.0
2024-11-06,15840,0.46936445515666225,TURUN,15767.0
2024-11-07,15767,-0.4608585858585812,TURUN,15671.0
2024-11-08,15671,-0.6088666201560233,STABIL,15677.0
2024-11-11,15677,0.03828728224108957,NAIK,15771.0
2024-11-12,15771,0.5996045161701824,STABIL,15782.0
2024-11-13,15782,0.06974827214507595,NAIK,15873.0
2024-11-14,15873,0.5766062602965416,STABIL,15888.0
2024-11-15,15888,0.094500094500094,TURUN,15848.0
2024-11-18,15848,-0.2517623363544774,TURUN,15816.0
2024-11-19,15816,-0.2019182231196348,NAIK,15858.0
2024-11-20,15858,0.26555386949924653,NAIK,15942.0
2024-11-21,15942,0.5297010972379779,TURUN,15911.0
2024-11-22,15911,-0.19445489900891122,TURUN,15864.0
2024-11-25,15864,-0.29539312425366226,NAIK,15930.0
2024-11-26,15930,0.4160363086233021,TURUN,15864.0
2024-11-28,15864,-0.4143126177024503,STABIL,15856.0
2024-11-29,15856,-0.05042864346949116,NAIK,15905.0
2024-12-02,15905,0.30903128153381143,NAIK,15950.0
2024-12-03,15950,0.2829298962590432,STABIL,15957.0
2024-12-04,15957,0.043887147335430754,TURUN,15892.0
2024-12-05,15892,-0.4073447389860263,TURUN,15848.0
2024-12-06,15848,-0.2768688648376538,STABIL,15861.0
2024-12-09,15861,0.08202927814235927,STABIL,15874.0
2024-12-10,15874,0.081962045268269,NAIK,15905.0
2024-12-11,15905,0.1952878921506862,NAIK,15939.0
2024-12-12,15939,0.2137692549512682,NAIK,15987.0
2024-12-13,15987,0.30114812723507356,NAIK,16019.0
2024-12-16,16019,0.20016263213862295,NAIK,16050.0
2024-12-17,16050,0.19352019476870375,NAIK,16100.0
2024-12-18,16100,0.31152647975076775,NAIK,16277.0
2024-12-19,16277,1.0993788819875672,STABIL,16270.0
2024-12-20,16270,-0.043005467838053146,TURUN,16159.0
2024-12-23,16159,-0.6822372464658888,NAIK,16208.0
2024-12-24,16208,0.30323658642241735,NAIK,16251.0
2024-12-27,16251,0.2653010858835181,TURUN,16162.0
2024-12-30,16162,-0.5476586056242683,STABIL,16157.0
2024-12-31,16157,-0.030936765251821097,NAIK,16236.0
2025-01-02,16236,0.4889521569598321,TURUN,16217.0
2025-01-03,16217,-0.11702389751170328,TURUN,16193.0
2025-01-06,16193,-0.14799284701239035,TURUN,16169.0
2025-01-07,16169,-0.14821219045266787,NAIK,16201.0
2025-01-08,16201,0.19790958006060677,NAIK,16238.0
2025-01-09,16238,0.22838096413801967,TURUN,16194.0
2025-01-10,16194,-0.2709693311984229,NAIK,16281.0
2025-01-13,16281,0.5372360133382825,STABIL,16265.0
2025-01-14,16265,-0.0982740617898159,NAIK,16311.0
2025-01-15,16311,0.2828158622809607,NAIK,16378.0
2025-01-16,16378,0.41076574091103435,STABIL,16373.0
2025-01-17,16373,-0.030528758090120345,STABIL,16372.0
2025-01-20,16372,-0.006107616197392751,TURUN,16331.0
2025-01-21,16331,-0.2504275592474903,STABIL,16327.0
2025-01-22,16327,-0.024493294960503675,TURUN,16276.0
2025-01-23,16276,-0.31236601947693954,TURUN,16200.0
2025-01-24,16200,-0.4669451953796977,NAIK,16259.0
2025-01-30,16259,0.3641975308642076,NAIK,16312.0
2025-01-31,16312,0.3259733070914539,NAIK,16453.0
2025-02-03,16453,0.8643943109367447,TURUN,16365.0
2025-02-04,16365,-0.5348568650094254,TURUN,16308.0
2025-02-05,16308,-0.3483043079743342,NAIK,16330.0
2025-02-06,16330,0.1349031150355673,STABIL,16325.0
2025-02-07,16325,-0.030618493570111482,NAIK,16350.0
2025-02-10,16350,0.15313935681469104,NAIK,16380.0
2025-02-11,16380,0.18348623853210455,STABIL,16364.0
2025-02-12,16364,-0.09768009768009733,STABIL,16365.0
2025-02-13,16365,0.006110975311668376,TURUN,16285.0
2025-02-14,16285,-0.48884815154293104,TURUN,16208.0
2025-02-17,16208,-0.47282775560331114,NAIK,16275.0
2025-02-18,16275,0.41337611056269097,NAIK,16357.0
2025-02-19,16357,0.5038402457757218,STABIL,16344.0
2025-02-20,16344,-0.07947667665220148,TURUN,16300.0
2025-02-21,16300,-0.2692119432207485,STABIL,16303.0
2025-02-24,16303,0.018404907975466678,STABIL,16316.0
2025-02-25,16316,0.07973992516714379,NAIK,16387.0
2025-02-26,16387,0.4351556754106367,NAIK,16431.0
2025-02-27,16431,0.2685055226704147,NAIK,16575.0
2025-02-28,16575,0.8763921855030166,TURUN,16506.0
2025-03-03,16506,-0.4162895927601773,TURUN,16443.0
2025-03-04,16443,-0.3816793893129722,TURUN,16371.0
2025-03-05,16371,-0.4378762999452612,TURUN,16315.0
2025-03-06,16315,-0.3420682914910489,NAIK,16336.0
2025-03-07,16336,0.12871590560834534,STABIL,16326.0
2025-03-10,16326,-0.06121449559255421,NAIK,16430.0
2025-03-11,16430,0.6370207031728636,NAIK,16453.0
2025-03-12,16453,0.1399878271454602,TURUN,16428.0
2025-03-13,16428,-0.15194797301404384,TURUN,16392.0
2025-03-14,16392,-0.21913805697589828,STABIL,16379.0
2025-03-17,16379,-0.07930697901414874,NAIK,16432.0
2025-03-18,16432,0.3235850784541139,NAIK,16528.0
2025-03-19,16528,0.5842259006815897,TURUN,16481.0
2025-03-20,16481,-0.28436592449176956,NAIK,16501.0
2025-03-21,16501,0.12135185971724471,NAIK,16561.0
2025-03-24,16561,0.36361432640446,NAIK,16622.0
2025-03-25,16622,0.3683352454561861,TURUN,16588.0
2025-03-26,16588,-0.20454818914691364,TURUN,16566.0
2025-03-27,16566,-0.13262599469495706,NAIK,16849.0
2025-04-08,16849,1.7083182421827825,NAIK,16943.0
2025-04-09,16943,0.5578966110748373,TURUN,16779.0
2025-04-10,16779,-0.9679513663459871,NAIK,16805.0
2025-04-11,16805,0.15495559926097524,TURUN,16773.0
2025-04-14,16773,-0.1904195180005952,NAIK,16815.0
2025-04-15,16815,0.25040243248077854,NAIK,16845.0
2025-04-16,16845,0.1784121320249854,STABIL,16833.0
2025-04-17,16833,-0.07123775601068916,TURUN,16808.0
2025-04-21,16808,-0.14851779243153507,NAIK,16862.0
2025-04-22,16862,0.32127558305568016,NAIK,16880.0
2025-04-23,16880,0.10674890285848893,STABIL,16884.0
2025-04-24,16884,0.023696682464446894,TURUN,16829.0
2025-04-25,16829,-0.3257521914238337,NAIK,16862.0
2025-04-28,16862,0.19609008259551253,TURUN,16787.0
2025-04-29,16787,-0.44478709524374827,TURUN,16679.0
2025-04-30,16679,-0.6433549770655911,TURUN,16493.0
2025-05-02,16493,-1.1151747706697024,TURUN,16421.0
2025-05-05,16421,-0.43654883890135165,NAIK,16472.0
2025-05-06,16472,0.31057791851896166,NAIK,16533.0
2025-05-07,16533,0.37032540067993835,TURUN,16497.0
2025-05-08,16497,-0.21774632553075435,NAIK,16532.0
2025-05-09,16532,0.2121597866278746,NAIK,16568.0
2025-05-14,16568,0.21775949673361605,TURUN,16535.0
2025-05-15,16535,-0.19917914051182928,TURUN,16424.0
2025-05-16,16424,-0.6713032960387055,NAIK,16455.0
2025-05-19,16455,0.18874817340477357,TURUN,16406.0
2025-05-20,16406,-0.2977818292312362,STABIL,16413.0
2025-05-21,16413,0.042667316835309776,TURUN,16313.0
2025-05-22,16313,-0.6092731371473814,TURUN,16289.0
2025-05-23,16289,-0.1471219272972446,TURUN,16207.0
2025-05-26,16207,-0.5034072073178186,NAIK,16255.0
2025-05-27,16255,0.29616832232985946,NAIK,16300.0
2025-05-28,16300,0.2768378960319895,STABIL,16297.0
2025-06-02,16297,-0.018404907975455576,STABIL,16288.0
2025-06-03,16288,-0.05522488801620318,NAIK,16305.0
2025-06-04,16305,0.104371316306473,TURUN,16277.0
2025-06-05,16277,-0.17172646427475735,STABIL,16276.0
2025-06-10,16276,-0.006143638262579021,STABIL,16265.0
2025-06-11,16265,-0.06758417301547803,TURUN,16237.0
2025-06-12,16237,-0.17214878573624803,NAIK,16293.0
2025-06-13,16293,0.34489129765351567,STABIL,16296.0
2025-06-16,16296,0.01841281531946848,STABIL,16281.0
2025-06-17,16281,-0.09204712812960203,NAIK,16319.0
2025-06-18,16319,0.23340089675081277,NAIK,16378.0
2025-06-19,16378,0.3615417611373184,NAIK,16399.0
2025-06-20,16399,0.12822078397851655,NAIK,16484.0
2025-06-23,16484,0.5183242880663519,TURUN,16370.0
2025-06-24,16370,-0.6915797136617274,TURUN,16292.0
2025-06-25,16292,-0.4764813683567515,TURUN,16233.0
2025-06-26,16233,-0.3621409280628485,STABIL,16231.0
2025-06-30,16231,-0.012320581531444219,TURUN,16192.0
2025-07-01,16192,-0.24028094387283927,NAIK,16236.0
2025-07-02,16236,0.27173913043478937,TURUN,16209.0
2025-07-03,16209,-0.1662971175166339,STABIL,16204.0
2025-07-04,16204,-0.03084706027515205,NAIK,16237.0
2025-07-07,16237,0.2036534189089112,STABIL,16238.0
2025-07-08,16238,0.006158773172382226,STABIL,16254.0
2025-07-09,16254,0.09853430225397197,TURUN,16220.0
2025-07-10,16220,-0.20917927894672506,STABIL,16221.0
2025-07-11,16221,0.006165228113430565,NAIK,16247.0
2025-07-14,16247,0.16028604894888776,NAIK,16281.0
2025-07-15,16281,0.2092694035821907,STABIL,16288.0
2025-07-16,16288,0.04299490203305556,NAIK,16329.0
2025-07-17,16329,0.2517190569744532,TURUN,16301.0
2025-07-18,16301,-0.1714740645477386,NAIK,16330.0
2025-07-21,16330,0.1779031961229416,TURUN,16307.0
2025-07-22,16307,-0.14084507042253502,STABIL,16298.0
2025-07-23,16298,-0.055191022260381306,STABIL,16283.0
2025-07-24,16283,-0.09203583261749859,NAIK,16325.0
2025-07-25,16325,0.2579377264631866,STABIL,16341.0
2025-07-28,16341,0.09800918836140315,NAIK,16399.0
2025-07-29,16399,0.35493543846765174,STABIL,16387.0
2025-07-30,16387,-0.07317519360936497,NAIK,16459.0
2025-07-31,16459,0.43937267346068065,NAIK,16494.0
2025-08-01,16494,0.21264961419285022,TURUN,16388.0
2025-08-04,16388,-0.6426579362192264,STABIL,16388.0
2025-08-05,16388,0.0,STABIL,16379.0
2025-08-06,16379,-0.0549182328533071,TURUN,16312.0
2025-08-07,16312,-0.40906038219671315,STABIL,16299.0
2025-08-08,16299,-0.07969592937714376,TURUN,16253.0
2025-08-11,16253,-0.2822259034296559,NAIK,16298.0
2025-08-12,16298,0.2768719620993121,TURUN,16237.0
2025-08-13,16237,-0.37427905264449945,TURUN,16109.0
2025-08-14,16109,-0.7883229660651581,NAIK,16162.0
2025-08-15,16162,0.32900862871687586,NAIK,16241.0
2025-08-19,16241,0.4888008909788466,NAIK,16291.0
2025-08-20,16291,0.3078628163290409,STABIL,16283.0
2025-08-21,16283,-0.04910686882327875,NAIK,16340.0
2025-08-22,16340,0.3500583430571691,TURUN,16255.0
2025-08-25,16255,-0.5201958384332905,NAIK,16277.0
2025-08-26,16277,0.1353429713934151,NAIK,16355.0
2025-08-27,16355,0.47920378448116363,STABIL,16356.0
2025-08-28,16356,0.0061143381228978555,NAIK,16461.0
2025-08-29,16461,0.6419662509171031,STABIL,16463.0
2025-09-01,16463,0.012149930137894671,TURUN,16418.0
2025-09-02,16418,-0.2733402174573296,STABIL,16424.0
2025-09-03,16424,0.03654525520770946,STABIL,16438.0
2025-09-04,16438,0.08524111056988914,TURUN,16348.0
2025-09-08,16348,-0.5475118627570219,NAIK,16462.0
2025-09-09,16462,0.6973330070956685,STABIL,16457.0
2025-09-10,16457,-0.030372980196813337,STABIL,16468.0
2025-09-11,16468,0.06684085799355532,TURUN,16391.0
2025-09-12,16391,-0.4675734758319172,STABIL,16405.0
2025-09-15,16405,0.08541272649624787,TURUN,16385.0
2025-09-16,16385,-0.12191405059432947,NAIK,16430.0
2025-09-17,16430,0.27464144034177185,NAIK,16498.0
2025-09-18,16498,0.4138770541691983,NAIK,16578.0
2025-09-19,16578,0.48490726148624486,NAIK,16607.0
2025-09-22,16607,0.17493063095668226,NAIK,16636.0
2025-09-23,16636,0.17462515806587753,NAIK,16680.0
2025-09-24,16680,0.2644866554460279,NAIK,16752.0
2025-09-25,16752,0.4316546762589857,NAIK,16775.0
2025-09-26,16775,0.13729703915950076,TURUN,16680.0
2025-09-29,16680,-0.5663189269746627,STABIL,16692.0
2025-09-30,16692,0.07194244604316058,STABIL,16680.0
2025-10-01,16680,-0.07189072609633529,TURUN,16612.0
2025-10-02,16612,-0.4076738609112729,STABIL,16611.0
2025-10-03,16611,-0.006019744762819634,STABIL,16598.0
2025-10-06,16598,-0.078261393052792,TURUN,16560.0
2025-10-07,16560,-0.22894324617424022,NAIK,16606.0
2025-10-08,16606,0.2777777777777768,TURUN,16534.0
2025-10-09,16534,-0.4335782247380515,NAIK,16585.0
2025-10-10,16585,0.30845530422161094,STABIL,16580.0
2025-10-13,16580,-0.030147723846851715,STABIL,16577.0
2025-10-14,16577,-0.01809408926417566,STABIL,16577.0
2025-10-15,16577,0.0,STABIL,16580.0
2025-10-16,16580,0.018097363817326517,STABIL,16590.0
2025-10-17,16590,0.060313630880570734,STABIL,16585.0
2025-10-20,16585,-0.030138637733578832,STABIL,16589.0
2025-10-21,16589,0.024118179077481372,NAIK,16617.0
2025-10-22,16617,0.16878654530110282,NAIK,16645.0
2025-10-23,16645,0.16850213636636635,STABIL,16630.0
2025-10-24,16630,-0.090117152297986,STABIL,16628.0
2025-10-27,16628,-0.012026458208058699,STABIL,16622.0
2025-10-28,16622,-0.03608371421698342,STABIL,16631.0
2025-10-29,16631,0.054145108891834326,STABIL,16640.0
2025-10-30,16640,0.054115807828747364,STABIL,16625.0
2025-10-31,16625,-0.09014423076922906,NAIK,16664.0
2025-11-03,16664,0.23458646616540957,NAIK,16724.0
2025-11-04,16724,0.3600576092174679,STABIL,16729.0
2025-11-05,16729,0.029897153790958697,TURUN,16707.0
2025-11-06,16707,-0.13150815948352879,STABIL,16704.0
2025-11-07,16704,-0.017956545160713322,TURUN,16666.0
2025-11-10,16666,-0.22749042145593368,NAIK,16698.0
2025-11-11,16698,0.1920076803072046,NAIK,16722.0
2025-11-12,16722,0.14372978799856995,STABIL,16732.0
2025-11-13,16732,0.059801459155606196,TURUN,16710.0
2025-11-14,16710,-0.13148458044465183,NAIK,16734.0
2025-11-17,16734,0.1436265709156226,NAIK,16760.0
2025-11-18,16760,0.15537229592446078,TURUN,16732.0
2025-11-19,16732,-0.16706443914080715,STABIL,16742.0
2025-11-20,16742,0.05976571838393063,TURUN,16719.0
2025-11-21,16719,-0.13737904670887424,STABIL,16709.0
2025-11-24,16709,-0.059812189724262055,TURUN,16667.0
2025-11-25,16667,-0.2513615416841253,STABIL,16673.0
2025-11-26,16673,0.03599928001440933,TURUN,16644.0
2025-11-27,16644,-0.17393390511605267,NAIK,16661.0
2025-11-28,16661,0.10213890891612731,STABIL,16668.0
2025-12-01,16668,0.04201428485686165,TURUN,16632.0
2025-12-02,16632,-0.2159827213822907,STABIL,16632.0
2025-12-03,16632,0.0,STABIL,16646.0
2025-12-04,16646,0.08417508417508657,STABIL,16655.0
2025-12-05,16655,0.05406704313348776,NAIK,16688.0
2025-12-08,16688,0.19813869708795728,STABIL,16677.0
2025-12-09,16677,-0.06591562799616035,STABIL,16688.0
2025-12-10,16688,0.06595910535467375,TURUN,16668.0
2025-12-11,16668,-0.11984659635666528,STABIL,16652.0
2025-12-12,16652,-0.09599232061434648,NAIK,16669.0
2025-12-15,16669,0.10208983905837243,NAIK,16693.0
2025-12-16,16693,0.14397984282199516,STABIL,16698.0
2025-12-17,16698,0.029952674773858767,NAIK,16722.0
2025-12-18,16722,0.14372978799856995,STABIL,16735.0
2025-12-19,16735,0.07774189690228361,NAIK,16773.0
2025-12-22,16773,0.22706901703017923,NAIK,16790.0
2025-12-23,16790,0.10135336552792307,TURUN,16767.0
2025-12-24,16767,-0.136986301369868,NAIK,16788.0
2025-12-29,16788,0.12524601896581888,STABIL,16782.0
2025-12-30,16782,-0.03573981415296856,TURUN,16720.0
2025-12-31,16720,-0.3694434513168865,STABIL,16725.0
2026-01-02,16725,0.029904306220096544,NAIK,16748.0
2026-01-05,16748,0.13751868460387673,STABIL,16762.0
2026-01-06,16762,0.08359207069501551,NAIK,16785.0
2026-01-07,16785,0.13721512945950032,STABIL,16801.0
2026-01-08,16801,0.09532320524276994,NAIK,16834.0
2026-01-09,16834,0.19641687994762513,NAIK,16853.0
2026-01-12,16853,0.11286681715576563,NAIK,16875.0
2026-01-13,16875,0.1305405565774631,STABIL,16871.0
2026-01-14,16871,-0.02370370370370356,STABIL,16880.0
2026-01-15,16880,0.05334597830597421,NAIK,16935.0
2026-01-19,16935,0.3258293838862558,NAIK,16981.0
2026-01-20,16981,0.27162680838499487,TURUN,16963.0
2026-01-21,16963,-0.10600082445085812,TURUN,16902.0
2026-01-22,16902,-0.3596062017331869,TURUN,16838.0
2026-01-23,16838,-0.37865341379718087,TURUN,16779.0
2026-01-26,16779,-0.3503979094904408,NAIK,16801.0
2026-01-27,16801,0.13111627629776024,TURUN,16723.0
2026-01-28,16723,-0.4642580798762008,NAIK,16786.0
2026-01-29,16786,0.37672666387609244,STABIL,16796.0
2026-01-30,16796,0.05957345406886194,STABIL,16800.0
2026-02-02,16800,0.0238151940938236,TURUN,16777.0
2026-02-03,16777,-0.13690476190476586,STABIL,16775.0
2026-02-04,16775,-0.011921082434285246,NAIK,16826.0
2026-02-05,16826,0.3040238450074506,NAIK,16887.0
2026-02-06,16887,0.36253417330323057,TURUN,16838.0
2026-02-09,16838,-0.2901640315035259,TURUN,16799.0
2026-02-10,16799,-0.23161895712079383,TURUN,16781.0
2026-02-11,16781,-0.10714923507351148,NAIK,16826.0
2026-02-12,16826,0.2681604195220677,NAIK,16844.0
2026-02-13,16844,0.10697729704030046,NAIK,16884.0
2026-02-18,16884,0.23747328425551828,NAIK,16925.0
2026-02-19,16925,0.2428334517886821,TURUN,16885.0
2026-02-20,16885,-0.23633677991137247,TURUN,16818.0
2026-02-23,16818,-0.3968018951732266,STABIL,16830.0
2026-02-24,16830,0.07135212272564306,TURUN,16813.0
2026-02-25,16813,-0.10101010101010166,TURUN,16758.0
2026-02-26,16758,-0.3271278177600645,NAIK,16779.0
2026-02-27,16779,0.12531328320801727,NAIK,16848.0
2026-03-02,16848,0.4112283211156864,NAIK,16870.0
2026-03-03,16870,0.13057929724595851,NAIK,16911.0
2026-03-04,16911,0.2430349733254289,TURUN,16886.0
2026-03-05,16886,-0.14783277156880104,NAIK,16919.0
2026-03-06,16919,0.19542816534408036,NAIK,16974.0
2026-03-09,16974,0.32507831432118106,TURUN,16879.0
2026-03-10,16879,-0.5596795098385732,STABIL,16867.0
2026-03-11,16867,-0.07109425913857104,NAIK,16899.0
2026-03-12,16899,0.18971957075946122,NAIK,16934.0
2026-03-13,16934,0.20711284691401488,NAIK,16990.0
2026-03-16,16990,0.33069564190386647,STABIL,16982.0
2026-03-17,16982,-0.04708652148323056,TURUN,16905.0
2026-03-25,16905,-0.453421269579557,STABIL,16903.0
2026-03-26,16903,-0.011830819284230909,NAIK,16957.0
2026-03-27,16957,0.3194699165828485,NAIK,16993.0
2026-03-30,16993,0.21230170431090212,STABIL,16999.0
2026-03-31,16999,0.0353086565056282,STABIL,17002.0
2026-04-01,17002,0.017648096946887293,STABIL,17015.0
2026-04-02,17015,0.07646159275378483,NAIK,17037.0
2026-04-06,17037,0.12929767851894702,NAIK,17092.0
2026-04-07,17092,0.3228267887538827,TURUN,17009.0
2026-04-08,17009,-0.4856073016615947,NAIK,17082.0
2026-04-09,17082,0.42918454935623185,NAIK,17112.0
2026-04-10,17112,0.17562346329469403,STABIL,17122.0
2026-04-13,17122,0.058438522674153504,STABIL,17135.0
2026-04-14,17135,0.07592570961336698,STABIL,17141.0
2026-04-15,17141,0.035016049022473794,STABIL,17142.0
2026-04-16,17142,0.005833965346235814,NAIK,17189.0
2026-04-17,17189,0.27418037568545106,STABIL,17176.0
2026-04-20,17176,-0.07562976322066373,TURUN,17142.0
2026-04-21,17142,-0.1979506287843491,NAIK,17179.0
2026-04-22,17179,0.2158441255396104,NAIK,17308.0
2026-04-23,17308,0.7509168170440672,TURUN,17278.0
2026-04-24,17278,-0.17333025190663376,TURUN,17227.0
2026-04-27,17227,-0.29517305243662584,NAIK,17245.0
2026-04-28,17245,0.10448714227666578,NAIK,17324.0
2026-04-29,17324,0.45810379820236946,NAIK,17378.0
2026-04-30,17378,0.3117063033941436,STABIL,17368.0
2026-05-04,17368,-0.0575440211762035,NAIK,17425.0
2026-05-05,17425,0.32818977429756035,TURUN,17405.0
2026-05-06,17405,-0.11477761836441447,TURUN,17362.0
2026-05-07,17362,-0.2470554438379735,STABIL,17375.0
2026-05-08,17375,0.07487616634027638,NAIK,17415.0
2026-05-11,17415,0.23021582733813162,NAIK,17514.0
2026-05-12,17514,0.568475452196382,TURUN,17496.0
2026-05-13,17496,-0.10277492291880241,NAIK,17666.0
2026-05-18,17666,0.971650663008683,NAIK,17719.0
2026-05-19,17719,0.30001132118193663,TURUN,17685.0
2026-05-20,17685,-0.19188441785653598,STABIL,17673.0
2026-05-21,17673,-0.06785411365564098,NAIK,17717.0
2026-05-22,17717,0.24896735132688974,NAIK,17743.0
2026-05-25,17743,0.1467517073996616,NAIK,17789.0
2026-05-26,17789,0.2592571718424086,NAIK,17883.0
2026-05-29,17883,0.5284164371240685,TURUN,17863.0
2026-06-02,17863,-0.11183805849130923,NAIK,17931.0
2026-06-03,17931,0.3806751385545537,NAIK,18039.0
2026-06-04,18039,0.6023088505939356,STABIL,18039.0
2026-06-05,18039,0.0,NAIK,18171.0
2026-06-08,18171,0.7317478795942023,TURUN,18141.0
2026-06-09,18141,-0.1650982334489015,TURUN,17971.0
2026-06-10,17971,-0.9371037980265728,STABIL,17981.0
2026-06-11,17981,0.055645206165477745,TURUN,17921.0
2026-06-12,17921,-0.3336855569768038,TURUN,17719.0
2026-06-15,17719,-1.1271692427877955,NAIK,17753.0
2026-06-17,17753,0.19188441785653598,NAIK,17826.0
2026-06-18,17826,0.4111981073621429,STABIL,17826.0
2026-06-19,17826,0.0,STABIL,17819.0
2026-06-22,17819,-0.03926848423650986,NAIK,17868.0
2026-06-23,17868,0.27498737302877885,NAIK,17955.0
2026-06-24,17955,0.4869039623908611,STABIL,17942.0
2026-06-25,17942,-0.07240323029796825,NAIK,17962.0
2026-06-26,17962,0.11147029316687096,TURUN,17856.0
2026-06-29,17856,-0.5901347288720604,NAIK,17899.0
2026-06-30,17899,0.24081541218639035,NAIK,17961.0
2026-07-01,17961,0.34638806637241615,NAIK,17994.0
2026-07-02,17994,0.18373141807248583,TURUN,17960.0
2026-07-03,17960,-0.18895187284649895,NAIK,17999.0
2026-07-06,17999,0.2171492204899872,STABIL,17988.0
2026-07-07,17988,-0.06111450636145932,STABIL,18005.0
2026-07-08,18005,0.09450744941070788,NAIK,18090.0
2026-07-09,18090,0.47209108580950065,TURUN,18069.0
2026-07-10,18069,-0.11608623548922115,NAIK,18131.0
2026-07-13,18131,0.3431291161658079,TURUN,18099.0
2026-07-14,18099,-0.17649329877006403,TURUN,18064.0
2026-07-15,18064,-0.1933808497707079,TURUN,18041.0
2026-07-16,18041,-0.1273250664304726,TURUN,17944.0
2026-07-17,17944,-0.5376642093010364,NAIK,17976.0
2026-07-20,17976,0.178332590280883,TURUN,17909.0
2026-07-21,17909,-0.3727191811303987,STABIL,17909.0
2026-07-22,17909,0.0,STABIL,17915.0
2026-07-23,17915,0.03350270813557987,NAIK,17973.0
2026-07-24,17973,0.3237510466089777,NAIK,17995.0
2026-07-27,17995,0.12240583096867486,NAIK,18088.0
2026-07-28,18088,0.516810225062514,STABIL,18087.0
2026-07-29,18087,-0.0055285272003491315,STABIL,18078.0
2026-07-30,18078,-0.04975949577044059,TURUN,18058.0
2026-07-31,18058,-0.11063170704723735,TURUN,17991.0
2026-08-03,17991,-0.37102669177095926,NAIK,18037.0
2026-08-04,18037,0.25568339725419165,TURUN,17937.0
2026-08-05,17937,-0.554415922825302,TURUN,17919.0
2026-08-06,17919,-0.10035122930256435,STABIL,17913.0
2026-08-07,17913,-0.033484011384565804,TURUN,17795.0
2026-08-10,17795,-0.6587394629598564,NAIK,17824.0
2026-08-11,17824,0.16296712559706883,NAIK,17876.0
2026-08-12,17876,0.2917414721723466,STABIL,17882.0
2026-08-13,17882,0.03356455582903539,TURUN,17836.0
2026-08-14,17836,-0.25724191924840767,NAIK,17856.0
2026-08-18,17856,0.11213276519399518,STABIL,17844.0
2026-08-19,17844,-0.06720430107527431,TURUN,17779.0
2026-08-20,17779,-0.3642681013225735,TURUN,17705.0
2026-08-21,17705,-0.4162213847797913,STABIL,17703.0
2026-08-24,17703,-0.011296243998870636,STABIL,17717.0
2026-08-26,17717,0.07908264136022858,NAIK,17762.0
2026-08-27,17762,0.25399333973019633,TURUN,17703.0
2026-08-28,17703,-0.3321698006981233,NAIK,17746.0
2026-08-31,17746,0.24289668417782906,TURUN,17727.0
