tanggal,kurs_jisdor
9/1/2021,14284
9/2/2021,14281
9/3/2021,14261
9/6/2021,14239
9/7/2021,14195
9/8/2021,14266
9/9/2021,14272
9/10/2021,14225
9/13/2021,14260
9/14/2021,14257
9/15/2021,14252
9/16/2021,14238
9/17/2021,14233
9/20/2021,14251
9/21/2021,14244
9/22/2021,14249
9/23/2021,14256
9/24/2021,14250
9/27/2021,14258
9/28/2021,14269
9/29/2021,14307
9/30/2021,14321
10/1/2021,14315
10/4/2021,14276
10/5/2021,14260
10/6/2021,14245
10/7/2021,14238
10/8/2021,14225
10/11/2021,14210
10/12/2021,14217
10/13/2021,14221
10/14/2021,14155
10/15/2021,14084
10/18/2021,14096
10/19/2021,14080
10/21/2021,14133
10/22/2021,14162
10/25/2021,14183
10/26/2021,14165
10/27/2021,14184
10/28/2021,14199
10/29/2021,14171
11/1/2021,14235
11/2/2021,14261
11/3/2021,14301
11/4/2021,14327
11/5/2021,14374
11/8/2021,14268
11/9/2021,14233
11/10/2021,14253
11/11/2021,14288
11/12/2021,14243
11/15/2021,14206
11/16/2021,14211
11/17/2021,14259
11/18/2021,14231
11/19/2021,14237
11/22/2021,14255
11/23/2021,14272
11/24/2021,14272
11/25/2021,14280
11/26/2021,14280
11/29/2021,14340
11/30/2021,14320
12/1/2021,14353
12/2/2021,14378
12/3/2021,14408
12/6/2021,14441
12/7/2021,14408
12/8/2021,14348
12/9/2021,14351
12/10/2021,14378
12/13/2021,14346
12/14/2021,14348
12/15/2021,14337
12/16/2021,14343
12/17/2021,14343
12/20/2021,14384
12/21/2021,14349
12/22/2021,14264
12/23/2021,14251
12/24/2021,14219
12/27/2021,14225
12/28/2021,14237
12/29/2021,14265
12/30/2021,14269
12/31/2021,14278
1/3/2022,14270
1/4/2022,14310
1/5/2022,14365
1/6/2022,14396
1/7/2022,14360
1/10/2022,14323
1/11/2022,14299
1/12/2022,14302
1/13/2022,14311
1/14/2022,14310
1/17/2022,14323
1/18/2022,14325
1/19/2022,14370
1/20/2022,14354
1/21/2022,14347
1/24/2022,14327
1/25/2022,14358
1/26/2022,14346
1/27/2022,14385
1/28/2022,14381
1/31/2022,14392
2/2/2022,14347
2/3/2022,14381
2/4/2022,14376
2/7/2022,14404
2/8/2022,14385
2/9/2022,14366
2/10/2022,14344
2/11/2022,14359
2/14/2022,14338
2/15/2022,14292
2/16/2022,14278
2/17/2022,14301
2/18/2022,14339
2/21/2022,14329
2/22/2022,14362
2/23/2022,14355
2/24/2022,14371
2/25/2022,14369
3/1/2022,14350
3/2/2022,14373
3/4/2022,14383
3/7/2022,14411
3/8/2022,14394
3/9/2022,14371
3/10/2022,14298
3/11/2022,14306
3/14/2022,14328
3/15/2022,14321
3/16/2022,14311
3/17/2022,14290
3/18/2022,14340
3/21/2022,14341
3/22/2022,14358
3/23/2022,14351
3/24/2022,14361
3/25/2022,14341
3/28/2022,14360
3/29/2022,14364
3/30/2022,14349
3/31/2022,14357
4/1/2022,14364
4/4/2022,14362
4/5/2022,14348
4/6/2022,14364
4/7/2022,14359
4/8/2022,14365
4/11/2022,14370
4/12/2022,14364
4/13/2022,14359
4/14/2022,14349
4/18/2022,14356
4/19/2022,14347
4/20/2022,14351
4/21/2022,14348
4/22/2022,14361
4/25/2022,14452
4/26/2022,14412
4/27/2022,14418
4/28/2022,14480
5/9/2022,14534
5/10/2022,14546
5/11/2022,14546
5/12/2022,14585
5/13/2022,14619
5/17/2022,14651
5/18/2022,14682
5/19/2022,14731
5/20/2022,14661
5/23/2022,14665
5/24/2022,14653
5/25/2022,14645
5/27/2022,14578
5/30/2022,14544
5/31/2022,14592
6/2/2022,14526
6/3/2022,14431
6/6/2022,14462
6/7/2022,14464
6/8/2022,14477
6/9/2022,14555
6/10/2022,14569
6/13/2022,14672
6/14/2022,14729
6/15/2022,14746
6/16/2022,14741
6/17/2022,14828
6/20/2022,14836
6/21/2022,14804
6/22/2022,14860
6/23/2022,14835
6/24/2022,14846
6/27/2022,14802
6/28/2022,14837
6/29/2022,14848
6/30/2022,14882
7/1/2022,14956
7/4/2022,14960
7/5/2022,14990
7/6/2022,15015
7/7/2022,14986
7/8/2022,14981
7/11/2022,14969
7/12/2022,14993
7/13/2022,14985
7/14/2022,14999
7/15/2022,14999
7/18/2022,14986
7/19/2022,14992
7/20/2022,14984
7/21/2022,15017
7/22/2022,15024
7/25/2022,14992
7/26/2022,14984
7/27/2022,15020
7/28/2022,14958
7/29/2022,14860
8/1/2022,14874
8/2/2022,14888
8/3/2022,14917
8/4/2022,14929
8/5/2022,14904
8/8/2022,14915
8/9/2022,14862
8/10/2022,14875
8/11/2022,14799
8/12/2022,14688
8/15/2022,14727
8/16/2022,14767
8/18/2022,14822
8/19/2022,14858
8/22/2022,14882
8/23/2022,14893
8/24/2022,14851
8/25/2022,14827
8/26/2022,14814
8/29/2022,14887
8/30/2022,14875
8/31/2022,14853
9/1/2022,14884
9/2/2022,14900
9/5/2022,14920
9/6/2022,14885
9/7/2022,14927
9/8/2022,14905
9/9/2022,14846
9/12/2022,14839
9/13/2022,14861
9/14/2022,14923
9/15/2022,14899
9/16/2022,14939
9/19/2022,14980
9/20/2022,14975
9/21/2022,15011
9/22/2022,15033
9/23/2022,15035
9/26/2022,15119
9/27/2022,15155
9/28/2022,15243
9/29/2022,15247
9/30/2022,15232
10/3/2022,15293
10/4/2022,15276
10/5/2022,15196
10/6/2022,15197
10/7/2022,15246
10/10/2022,15299
10/11/2022,15362
10/12/2022,15373
10/13/2022,15357
10/14/2022,15390
10/17/2022,15480
10/18/2022,15469
10/19/2022,15491
10/20/2022,15579
10/21/2022,15610
10/24/2022,15590
10/25/2022,15616
10/26/2022,15596
10/27/2022,15573
10/28/2022,15542
10/31/2022,15596
11/1/2022,15647
11/2/2022,15652
11/3/2022,15681
11/4/2022,15736
11/7/2022,15692
11/8/2022,15684
11/9/2022,15654
11/10/2022,15701
11/11/2022,15493
11/14/2022,15499
11/15/2022,15564
11/16/2022,15610
11/17/2022,15687
11/18/2022,15692
11/21/2022,15707
11/22/2022,15716
11/23/2022,15700
11/24/2022,15647
11/25/2022,15668
11/28/2022,15729
11/29/2022,15737
11/30/2022,15742
12/1/2022,15617
12/2/2022,15429
12/5/2022,15409
12/6/2022,15576
12/7/2022,15619
12/8/2022,15624
12/9/2022,15587
12/12/2022,15642
12/13/2022,15661
12/14/2022,15619
12/15/2022,15630
12/16/2022,15617
12/19/2022,15621
12/20/2022,15608
12/21/2022,15601
12/22/2022,15594
12/23/2022,15605
12/26/2022,15636
12/27/2022,15659
12/28/2022,15703
12/29/2022,15731
12/30/2022,15592
1/2/2023,15572
1/3/2023,15590
1/4/2023,15615
1/5/2023,15610
1/6/2023,15635
1/9/2023,15574
1/10/2023,15589
1/11/2023,15527
1/12/2023,15366
1/13/2023,15177
1/16/2023,15019
1/17/2023,15154
1/18/2023,15137
1/19/2023,15113
1/20/2023,15121
1/24/2023,14930
1/25/2023,14958
1/26/2023,14964
1/27/2023,14978
1/30/2023,14979
1/31/2023,14992
2/1/2023,14991
2/2/2023,14868
2/3/2023,14898
2/6/2023,15055
2/7/2023,15139
2/8/2023,15122
2/9/2023,15120
2/10/2023,15140
2/13/2023,15216
2/14/2023,15168
2/15/2023,15194
2/16/2023,15176
2/17/2023,15199
2/20/2023,15168
2/21/2023,15179
2/22/2023,15218
2/23/2023,15187
2/24/2023,15216
2/27/2023,15274
2/28/2023,15240
3/1/2023,15250
3/2/2023,15273
3/3/2023,15306
3/6/2023,15301
3/7/2023,15359
3/8/2023,15451
3/9/2023,15438
3/10/2023,15468
3/13/2023,15374
3/14/2023,15380
3/15/2023,15365
3/16/2023,15418
3/17/2023,15364
3/20/2023,15372
3/21/2023,15349
3/24/2023,15189
3/27/2023,15174
3/28/2023,15088
3/29/2023,15094
3/30/2023,15062
3/31/2023,14977
4/3/2023,14990
4/4/2023,14913
4/5/2023,14933
4/6/2023,14943
4/10/2023,14905
4/11/2023,14888
4/12/2023,14866
4/13/2023,14792
4/14/2023,14666
4/17/2023,14773
4/18/2023,14855
4/26/2023,14882
4/27/2023,14751
4/28/2023,14661
5/2/2023,14703
5/3/2023,14706
5/4/2023,14632
5/5/2023,14674
5/8/2023,14709
5/9/2023,14757
5/10/2023,14746
5/11/2023,14722
5/12/2023,14752
5/15/2023,14812
5/16/2023,14810
5/17/2023,14875
5/19/2023,14936
5/22/2023,14897
5/23/2023,14878
5/24/2023,14905
5/25/2023,14952
5/26/2023,14959
5/29/2023,14973
5/30/2023,14969
5/31/2023,15003
6/5/2023,14888
6/6/2023,14839
6/7/2023,14875
6/8/2023,14903
6/9/2023,14853
6/12/2023,14874
6/13/2023,14868
6/14/2023,14895
6/15/2023,14943
6/16/2023,14945
6/19/2023,14994
6/20/2023,15040
6/21/2023,14982
6/22/2023,14918
6/23/2023,14998
6/26/2023,15026
6/27/2023,15000
7/3/2023,15034
7/4/2023,15018
7/5/2023,15013
7/6/2023,15062
7/7/2023,15136
7/10/2023,15192
7/11/2023,15162
7/12/2023,15084
7/13/2023,14978
7/14/2023,14945
7/17/2023,15007
7/18/2023,14994
7/20/2023,14991
7/21/2023,15026
7/24/2023,15028
7/25/2023,15007
7/26/2023,15032
7/27/2023,15003
7/28/2023,15083
7/31/2023,15092
8/1/2023,15117
8/2/2023,15171
8/3/2023,15198
8/4/2023,15168
8/7/2023,15178
8/8/2023,15229
8/9/2023,15206
8/10/2023,15204
8/11/2023,15225
8/14/2023,15323
8/15/2023,15346
8/16/2023,15308
8/18/2023,15308
8/21/2023,15329
8/22/2023,15326
8/23/2023,15319
8/24/2023,15253
8/25/2023,15297
8/28/2023,15294
8/29/2023,15263
8/30/2023,15239
8/31/2023,15237
9/1/2023,15252
9/4/2023,15247
9/5/2023,15260
9/6/2023,15307
9/7/2023,15334
9/8/2023,15341
9/11/2023,15352
9/12/2023,15344
9/13/2023,15367
9/14/2023,15357
9/15/2023,15367
9/18/2023,15373
9/19/2023,15381
9/20/2023,15396
9/21/2023,15397
9/22/2023,15383
9/25/2023,15399
9/26/2023,15464
9/27/2023,15526
9/29/2023,15487
10/2/2023,15519
10/3/2023,15600
10/4/2023,15636
10/5/2023,15601
10/6/2023,15628
10/9/2023,15675
10/10/2023,15708
10/11/2023,15710
10/12/2023,15702
10/13/2023,15709
10/16/2023,15716
10/17/2023,15718
10/18/2023,15731
10/19/2023,15838
10/20/2023,15856
10/23/2023,15943
10/24/2023,15869
10/25/2023,15871
10/26/2023,15933
10/27/2023,15941
10/30/2023,15916
10/31/2023,15897
11/1/2023,15946
11/2/2023,15861
11/3/2023,15771
11/6/2023,15550
11/7/2023,15593
11/8/2023,15629
11/9/2023,15649
11/10/2023,15693
11/13/2023,15713
11/14/2023,15699
11/15/2023,15503
11/16/2023,15595
11/17/2023,15504
11/20/2023,15419
11/21/2023,15436
11/22/2023,15584
11/23/2023,15593
11/24/2023,15587
11/27/2023,15527
11/28/2023,15450
11/29/2023,15384
11/30/2023,15484
12/1/2023,15524
12/4/2023,15446
12/5/2023,15504
12/6/2023,15504
12/7/2023,15536
12/8/2023,15500
12/11/2023,15614
12/12/2023,15631
12/13/2023,15629
12/14/2023,15493
12/15/2023,15503
12/18/2023,15516
12/19/2023,15506
12/20/2023,15512
12/21/2023,15533
12/22/2023,15489
12/27/2023,15414
12/28/2023,15416
12/29/2023,15439
1/2/2024,15473
1/3/2024,15495
1/4/2024,15525
1/5/2024,15518
1/8/2024,15522
1/9/2024,15518
1/10/2024,15568
1/11/2024,15558
1/12/2024,15559
1/15/2024,15555
1/16/2024,15592
1/17/2024,15639
1/18/2024,15630
1/19/2024,15628
1/22/2024,15627
1/23/2024,15656
1/24/2024,15719
1/25/2024,15767
1/26/2024,15829
1/29/2024,15825
1/30/2024,15796
1/31/2024,15803
2/1/2024,15775
2/2/2024,15688
2/5/2024,15705
2/6/2024,15734
2/7/2024,15685
2/12/2024,15612
2/13/2024,15585
2/15/2024,15606
2/16/2024,15654
2/19/2024,15630
2/20/2024,15659
2/21/2024,15658
2/22/2024,15630
2/23/2024,15589
2/26/2024,15635
2/27/2024,15655
2/28/2024,15673
2/29/2024,15715
3/1/2024,15696
3/4/2024,15723
3/5/2024,15756
3/6/2024,15723
3/7/2024,15658
3/8/2024,15603
3/13/2024,15576
3/14/2024,15582
3/15/2024,15624
3/18/2024,15672
3/19/2024,15712
3/20/2024,15727
3/21/2024,15662
3/22/2024,15773
3/25/2024,15795
3/26/2024,15797
3/27/2024,15853
3/28/2024,15873
4/1/2024,15909
4/2/2024,15934
4/3/2024,15923
4/4/2024,15907
4/5/2024,15873
4/16/2024,16176
4/17/2024,16240
4/18/2024,16177
4/19/2024,16280
4/22/2024,16224
4/23/2024,16244
4/24/2024,16161
4/25/2024,16208
4/26/2024,16222
4/29/2024,16249
4/30/2024,16276
5/2/2024,16202
5/3/2024,16094
5/6/2024,16025
5/7/2024,16054
5/8/2024,16081
5/13/2024,16085
5/14/2024,16131
5/15/2024,16070
5/16/2024,15944
5/17/2024,15978
5/20/2024,15980
5/21/2024,16024
5/22/2024,15995
5/27/2024,16064
5/28/2024,16095
5/29/2024,16160
5/30/2024,16253
5/31/2024,16251
6/3/2024,16225
6/4/2024,16220
6/5/2024,16282
6/6/2024,16279
6/7/2024,16218
6/10/2024,16290
6/11/2024,16295
6/12/2024,16297
6/13/2024,16286
6/14/2024,16374
6/19/2024,16368
6/20/2024,16420
6/21/2024,16458
6/24/2024,16431
6/25/2024,16379
6/26/2024,16435
6/27/2024,16421
6/28/2024,16394
7/1/2024,16355
7/2/2024,16384
7/3/2024,16387
7/4/2024,16341
7/5/2024,16312
7/8/2024,16265
7/9/2024,16281
7/10/2024,16256
7/11/2024,16200
7/12/2024,16154
7/15/2024,16174
7/16/2024,16203
7/17/2024,16129
7/18/2024,16160
7/19/2024,16199
7/22/2024,16228
7/23/2024,16204
7/24/2024,16224
7/25/2024,16268
7/26/2024,16294
7/29/2024,16286
7/30/2024,16320
7/31/2024,16294
8/1/2024,16243
8/2/2024,16234
8/5/2024,16154
8/6/2024,16183
8/7/2024,16100
8/8/2024,15952
8/9/2024,15914
8/12/2024,15963
8/13/2024,15885
8/14/2024,15691
8/15/2024,15687
8/16/2024,15716
8/19/2024,15591
8/20/2024,15480
8/21/2024,15456
8/22/2024,15579
8/23/2024,15554
8/26/2024,15380
8/27/2024,15509
8/28/2024,15476
8/29/2024,15409
8/30/2024,15473
9/2/2024,15536
9/3/2024,15557
9/4/2024,15490
9/5/2024,15410
9/6/2024,15372
9/9/2024,15446
9/10/2024,15447
9/11/2024,15415
9/12/2024,15421
9/13/2024,15405
9/17/2024,15338
9/18/2024,15350
9/19/2024,15287
9/20/2024,15100
9/23/2024,15191
9/24/2024,15186
9/25/2024,15092
9/26/2024,15171
9/27/2024,15138
9/30/2024,15144
10/1/2024,15204
10/2/2024,15247
10/3/2024,15394
10/4/2024,15495
10/7/2024,15680
10/8/2024,15671
10/9/2024,15607
10/10/2024,15658
10/11/2024,15609
10/14/2024,15581
10/15/2024,15555
10/16/2024,15536
10/17/2024,15516
10/18/2024,15466
10/21/2024,15465
10/22/2024,15560
10/23/2024,15620
10/24/2024,15593
10/25/2024,15629
10/28/2024,15729
10/29/2024,15760
10/30/2024,15732
10/31/2024,15705
11/1/2024,15723
11/4/2024,15751
11/5/2024,15766
11/6/2024,15840
11/7/2024,15767
11/8/2024,15671
11/11/2024,15677
11/12/2024,15771
11/13/2024,15782
11/14/2024,15873
11/15/2024,15888
11/18/2024,15848
11/19/2024,15816
11/20/2024,15858
11/21/2024,15942
11/22/2024,15911
11/25/2024,15864
11/26/2024,15930
11/28/2024,15864
11/29/2024,15856
12/2/2024,15905
12/3/2024,15950
12/4/2024,15957
12/5/2024,15892
12/6/2024,15848
12/9/2024,15861
12/10/2024,15874
12/11/2024,15905
12/12/2024,15939
12/13/2024,15987
12/16/2024,16019
12/17/2024,16050
12/18/2024,16100
12/19/2024,16277
12/20/2024,16270
12/23/2024,16159
12/24/2024,16208
12/27/2024,16251
12/30/2024,16162
12/31/2024,16157
1/2/2025,16236
1/3/2025,16217
1/6/2025,16193
1/7/2025,16169
1/8/2025,16201
1/9/2025,16238
1/10/2025,16194
1/13/2025,16281
1/14/2025,16265
1/15/2025,16311
1/16/2025,16378
1/17/2025,16373
1/20/2025,16372
1/21/2025,16331
1/22/2025,16327
1/23/2025,16276
1/24/2025,16200
1/30/2025,16259
1/31/2025,16312
2/3/2025,16453
2/4/2025,16365
2/5/2025,16308
2/6/2025,16330
2/7/2025,16325
2/10/2025,16350
2/11/2025,16380
2/12/2025,16364
2/13/2025,16365
2/14/2025,16285
2/17/2025,16208
2/18/2025,16275
2/19/2025,16357
2/20/2025,16344
2/21/2025,16300
2/24/2025,16303
2/25/2025,16316
2/26/2025,16387
2/27/2025,16431
2/28/2025,16575
3/3/2025,16506
3/4/2025,16443
3/5/2025,16371
3/6/2025,16315
3/7/2025,16336
3/10/2025,16326
3/11/2025,16430
3/12/2025,16453
3/13/2025,16428
3/14/2025,16392
3/17/2025,16379
3/18/2025,16432
3/19/2025,16528
3/20/2025,16481
3/21/2025,16501
3/24/2025,16561
3/25/2025,16622
3/26/2025,16588
3/27/2025,16566
4/8/2025,16849
4/9/2025,16943
4/10/2025,16779
4/11/2025,16805
4/14/2025,16773
4/15/2025,16815
4/16/2025,16845
4/17/2025,16833
4/21/2025,16808
4/22/2025,16862
4/23/2025,16880
4/24/2025,16884
4/25/2025,16829
4/28/2025,16862
4/29/2025,16787
4/30/2025,16679
5/2/2025,16493
5/5/2025,16421
5/6/2025,16472
5/7/2025,16533
5/8/2025,16497
5/9/2025,16532
5/14/2025,16568
5/15/2025,16535
5/16/2025,16424
5/19/2025,16455
5/20/2025,16406
5/21/2025,16413
5/22/2025,16313
5/23/2025,16289
5/26/2025,16207
5/27/2025,16255
5/28/2025,16300
6/2/2025,16297
6/3/2025,16288
6/4/2025,16305
6/5/2025,16277
6/10/2025,16276
6/11/2025,16265
6/12/2025,16237
6/13/2025,16293
6/16/2025,16296
6/17/2025,16281
6/18/2025,16319
6/19/2025,16378
6/20/2025,16399
6/23/2025,16484
6/24/2025,16370
6/25/2025,16292
6/26/2025,16233
6/30/2025,16231
7/1/2025,16192
7/2/2025,16236
7/3/2025,16209
7/4/2025,16204
7/7/2025,16237
7/8/2025,16238
7/9/2025,16254
7/10/2025,16220
7/11/2025,16221
7/14/2025,16247
7/15/2025,16281
7/16/2025,16288
7/17/2025,16329
7/18/2025,16301
7/21/2025,16330
7/22/2025,16307
7/23/2025,16298
7/24/2025,16283
7/25/2025,16325
7/28/2025,16341
7/29/2025,16399
7/30/2025,16387
7/31/2025,16459
8/1/2025,16494
8/4/2025,16388
8/5/2025,16388
8/6/2025,16379
8/7/2025,16312
8/8/2025,16299
8/11/2025,16253
8/12/2025,16298
8/13/2025,16237
8/14/2025,16109
8/15/2025,16162
8/19/2025,16241
8/20/2025,16291
8/21/2025,16283
8/22/2025,16340
8/25/2025,16255
8/26/2025,16277
8/27/2025,16355
8/28/2025,16356
8/29/2025,16461
9/1/2025,16463
9/2/2025,16418
9/3/2025,16424
9/4/2025,16438
9/8/2025,16348
9/9/2025,16462
9/10/2025,16457
9/11/2025,16468
9/12/2025,16391
9/15/2025,16405
9/16/2025,16385
9/17/2025,16430
9/18/2025,16498
9/19/2025,16578
9/22/2025,16607
9/23/2025,16636
9/24/2025,16680
9/25/2025,16752
9/26/2025,16775
9/29/2025,16680
9/30/2025,16692
10/1/2025,16680
10/2/2025,16612
10/3/2025,16611
10/6/2025,16598
10/7/2025,16560
10/8/2025,16606
10/9/2025,16534
10/10/2025,16585
10/13/2025,16580
10/14/2025,16577
10/15/2025,16577
10/16/2025,16580
10/17/2025,16590
10/20/2025,16585
10/21/2025,16589
10/22/2025,16617
10/23/2025,16645
10/24/2025,16630
10/27/2025,16628
10/28/2025,16622
10/29/2025,16631
10/30/2025,16640
10/31/2025,16625
11/3/2025,16664
11/4/2025,16724
11/5/2025,16729
11/6/2025,16707
11/7/2025,16704
11/10/2025,16666
11/11/2025,16698
11/12/2025,16722
11/13/2025,16732
11/14/2025,16710
11/17/2025,16734
11/18/2025,16760
11/19/2025,16732
11/20/2025,16742
11/21/2025,16719
11/24/2025,16709
11/25/2025,16667
11/26/2025,16673
11/27/2025,16644
11/28/2025,16661
12/1/2025,16668
12/2/2025,16632
12/3/2025,16632
12/4/2025,16646
12/5/2025,16655
12/8/2025,16688
12/9/2025,16677
12/10/2025,16688
12/11/2025,16668
12/12/2025,16652
12/15/2025,16669
12/16/2025,16693
12/17/2025,16698
12/18/2025,16722
12/19/2025,16735
12/22/2025,16773
12/23/2025,16790
12/24/2025,16767
12/29/2025,16788
12/30/2025,16782
12/31/2025,16720
1/2/2026,16725
1/5/2026,16748
1/6/2026,16762
1/7/2026,16785
1/8/2026,16801
1/9/2026,16834
1/12/2026,16853
1/13/2026,16875
1/14/2026,16871
1/15/2026,16880
1/19/2026,16935
1/20/2026,16981
1/21/2026,16963
1/22/2026,16902
1/23/2026,16838
1/26/2026,16779
1/27/2026,16801
1/28/2026,16723
1/29/2026,16786
1/30/2026,16796
2/2/2026,16800
2/3/2026,16777
2/4/2026,16775
2/5/2026,16826
2/6/2026,16887
2/9/2026,16838
2/10/2026,16799
2/11/2026,16781
2/12/2026,16826
2/13/2026,16844
2/18/2026,16884
2/19/2026,16925
2/20/2026,16885
2/23/2026,16818
2/24/2026,16830
2/25/2026,16813
2/26/2026,16758
2/27/2026,16779
3/2/2026,16848
3/3/2026,16870
3/4/2026,16911
3/5/2026,16886
3/6/2026,16919
3/9/2026,16974
3/10/2026,16879
3/11/2026,16867
3/12/2026,16899
3/13/2026,16934
3/16/2026,16990
3/17/2026,16982
3/25/2026,16905
3/26/2026,16903
3/27/2026,16957
3/30/2026,16993
3/31/2026,16999
4/1/2026,17002
4/2/2026,17015
4/6/2026,17037
4/7/2026,17092
4/8/2026,17009
4/9/2026,17082
4/10/2026,17112
4/13/2026,17122
4/14/2026,17135
4/15/2026,17141
4/16/2026,17142
4/17/2026,17189
4/20/2026,17176
4/21/2026,17142
4/22/2026,17179
4/23/2026,17308
4/24/2026,17278
4/27/2026,17227
4/28/2026,17245
4/29/2026,17324
4/30/2026,17378
5/4/2026,17368
5/5/2026,17425
5/6/2026,17405
5/7/2026,17362
5/8/2026,17375
5/11/2026,17415
5/12/2026,17514
5/13/2026,17496
5/18/2026,17666
5/19/2026,17719
5/20/2026,17685
5/21/2026,17673
5/22/2026,17717
5/25/2026,17743
5/26/2026,17789
5/29/2026,17883
6/2/2026,17863
6/3/2026,17931
6/4/2026,18039
6/5/2026,18039
6/8/2026,18171
6/9/2026,18141
6/10/2026,17971
6/11/2026,17981
6/12/2026,17921
6/15/2026,17719
6/17/2026,17753
6/18/2026,17826
6/19/2026,17826
6/22/2026,17819
6/23/2026,17868
6/24/2026,17955
6/25/2026,17942
6/26/2026,17962
6/29/2026,17856
6/30/2026,17899
7/1/2026,17961
7/2/2026,17994
7/3/2026,17960
7/6/2026,17999
7/7/2026,17988
7/8/2026,18005
7/9/2026,18090
7/10/2026,18069
7/13/2026,18131
7/14/2026,18099
7/15/2026,18064
7/16/2026,18041
7/17/2026,17944
7/20/2026,17976
7/21/2026,17909
7/22/2026,17909
7/23/2026,17915
7/24/2026,17973
7/27/2026,17995
7/28/2026,18088
7/29/2026,18087
7/30/2026,18078
7/31/2026,18058
8/3/2026,17991
8/4/2026,18037
8/5/2026,17937
8/6/2026,17919
8/7/2026,17913
8/10/2026,17795
8/11/2026,17824
8/12/2026,17876
8/13/2026,17882
8/14/2026,17836
8/18/2026,17856
8/19/2026,17844
8/20/2026,17779
8/21/2026,17705
8/24/2026,17703
8/26/2026,17717
8/27/2026,17762
8/28/2026,17703
8/31/2026,17746
9/1/2026,17727
