tanggal,kurs_jisdor,pct_change,target
2021-09-01,14284,,STABIL
2021-09-02,14281,-0.0210025203024377,TURUN
2021-09-03,14261,-0.1400462152510329,TURUN
2021-09-06,14239,-0.1542668817053449,TURUN
2021-09-07,14195,-0.3090104642179958,NAIK
2021-09-08,14266,0.5001761183515363,STABIL
2021-09-09,14272,0.0420580400953385,TURUN
2021-09-10,14225,-0.3293161434977598,NAIK
2021-09-13,14260,0.2460456942003475,STABIL
2021-09-14,14257,-0.0210378681626877,STABIL
2021-09-15,14252,-0.0350704916882937,STABIL
2021-09-16,14238,-0.098231827111983,STABIL
2021-09-17,14233,-0.0351172917544606,NAIK
2021-09-20,14251,0.126466661982727,STABIL
2021-09-21,14244,-0.0491193600449135,STABIL
2021-09-22,14249,0.0351024992979454,STABIL
2021-09-23,14256,0.0491262544739967,STABIL
2021-09-24,14250,-0.0420875420875432,STABIL
2021-09-27,14258,0.0561403508771984,STABIL
2021-09-28,14269,0.077149670360499,NAIK
2021-09-29,14307,0.2663115845539243,STABIL
2021-09-30,14321,0.0978541972461055,STABIL
2021-10-01,14315,-0.0418965156064543,TURUN
2021-10-04,14276,-0.2724414949353826,TURUN
2021-10-05,14260,-0.1120762118240414,TURUN
2021-10-06,14245,-0.1051893408134607,STABIL
2021-10-07,14238,-0.0491400491400506,STABIL
2021-10-08,14225,-0.0913049585615999,TURUN
2021-10-11,14210,-0.1054481546572949,STABIL
2021-10-12,14217,0.0492610837438345,STABIL
2021-10-13,14221,0.0281353309418364,TURUN
2021-10-14,14155,-0.4641023837986036,TURUN
2021-10-15,14084,-0.5015895443306273,STABIL
2021-10-18,14096,0.0852030673104131,TURUN
2021-10-19,14080,-0.1135073779795714,NAIK
2021-10-21,14133,0.3764204545454452,NAIK
2021-10-22,14162,0.2051935187150633,NAIK
2021-10-25,14183,0.1482841406581059,TURUN
2021-10-26,14165,-0.1269125008813376,NAIK
2021-10-27,14184,0.1341334274620464,NAIK
2021-10-28,14199,0.1057529610829055,TURUN
2021-10-29,14171,-0.1971969857032185,NAIK
2021-11-01,14235,0.4516265612871439,NAIK
2021-11-02,14261,0.1826484018264906,NAIK
2021-11-03,14301,0.2804852394642676,NAIK
2021-11-04,14327,0.1818054681490766,NAIK
2021-11-05,14374,0.3280519299225348,TURUN
2021-11-08,14268,-0.7374426047029314,TURUN
2021-11-09,14233,-0.2453041771797059,NAIK
2021-11-10,14253,0.1405185133141362,NAIK
2021-11-11,14288,0.2455623377534577,TURUN
2021-11-12,14243,-0.314949608062709,TURUN
2021-11-15,14206,-0.2597767324299616,STABIL
2021-11-16,14211,0.0351963958890699,NAIK
2021-11-17,14259,0.3377665188938117,TURUN
2021-11-18,14231,-0.1963672066764843,STABIL
2021-11-19,14237,0.0421614784625212,NAIK
2021-11-22,14255,0.1264311301538256,NAIK
2021-11-23,14272,0.1192564012627128,STABIL
2021-11-24,14272,0.0,STABIL
2021-11-25,14280,0.0560538116591846,STABIL
2021-11-26,14280,0.0,NAIK
2021-11-29,14340,0.4201680672268892,TURUN
2021-11-30,14320,-0.1394700139469962,NAIK
2021-12-01,14353,0.2304469273743059,NAIK
2021-12-02,14378,0.1741796140179774,NAIK
2021-12-03,14408,0.2086521073862757,NAIK
2021-12-06,14441,0.2290394225430425,TURUN
2021-12-07,14408,-0.2285160307457956,TURUN
2021-12-08,14348,-0.4164353137146026,STABIL
2021-12-09,14351,0.0209088374686361,NAIK
2021-12-10,14378,0.188140199289255,TURUN
2021-12-13,14346,-0.2225622478786992,STABIL
2021-12-14,14348,0.0139411682698931,STABIL
2021-12-15,14337,-0.0766657373850066,STABIL
2021-12-16,14343,0.0418497593638766,STABIL
2021-12-17,14343,0.0,NAIK
2021-12-20,14384,0.2858537265565175,TURUN
2021-12-21,14349,-0.2433259176863211,TURUN
2021-12-22,14264,-0.5923757753153569,STABIL
2021-12-23,14251,-0.0911385305664591,TURUN
2021-12-24,14219,-0.2245456459195827,STABIL
2021-12-27,14225,0.0421970602714649,STABIL
2021-12-28,14237,0.0843585237258359,NAIK
2021-12-29,14265,0.1966706469059387,STABIL
2021-12-30,14269,0.0280406589554749,STABIL
2021-12-31,14278,0.0630737963417171,STABIL
2022-01-03,14270,-0.056030256338424,NAIK
2022-01-04,14310,0.2803083391730965,NAIK
2022-01-05,14365,0.3843466107616988,NAIK
2022-01-06,14396,0.2158022972502671,TURUN
2022-01-07,14360,-0.2500694637399325,TURUN
2022-01-10,14323,-0.2576601671309242,TURUN
2022-01-11,14299,-0.1675626614536018,STABIL
2022-01-12,14302,0.0209804881460273,STABIL
2022-01-13,14311,0.0629282617815585,STABIL
2022-01-14,14310,-0.0069876318915529,STABIL
2022-01-17,14323,0.0908455625436843,STABIL
2022-01-18,14325,0.0139635551211325,NAIK
2022-01-19,14370,0.3141361256544517,TURUN
2022-01-20,14354,-0.1113430758524658,STABIL
2022-01-21,14347,-0.048766894245511,TURUN
2022-01-24,14327,-0.1394019655677092,NAIK
2022-01-25,14358,0.21637467718294,STABIL
2022-01-26,14346,-0.0835770998746321,NAIK
2022-01-27,14385,0.2718527812630711,STABIL
2022-01-28,14381,-0.0278067431352058,STABIL
2022-01-31,14392,0.0764898129476332,TURUN
2022-02-02,14347,-0.3126737076153407,NAIK
2022-02-03,14381,0.2369833414651134,STABIL
2022-02-04,14376,-0.0347680967943797,NAIK
2022-02-07,14404,0.1947690595436757,TURUN
2022-02-08,14385,-0.1319078033879428,TURUN
2022-02-09,14366,-0.1320820298922442,TURUN
2022-02-10,14344,-0.1531393568147021,NAIK
2022-02-11,14359,0.1045733407696536,TURUN
2022-02-14,14338,-0.1462497388397543,TURUN
2022-02-15,14292,-0.3208257776537881,STABIL
2022-02-16,14278,-0.0979568989644574,NAIK
2022-02-17,14301,0.1610869869729692,NAIK
2022-02-18,14339,0.2657156842178931,STABIL
2022-02-21,14329,-0.0697398702838358,NAIK
2022-02-22,14362,0.2303021843813146,STABIL
2022-02-23,14355,-0.0487397298426395,NAIK
2022-02-24,14371,0.1114594218042386,STABIL
2022-02-25,14369,-0.0139169160114138,TURUN
2022-03-01,14350,-0.1322291043218015,NAIK
2022-03-02,14373,0.1602787456445931,STABIL
2022-03-04,14383,0.0695748973770227,NAIK
2022-03-07,14411,0.1946742682333413,TURUN
2022-03-08,14394,-0.1179654430643273,TURUN
2022-03-09,14371,-0.15978880088926,TURUN
2022-03-10,14298,-0.5079674344165341,STABIL
2022-03-11,14306,0.0559518813820103,NAIK
2022-03-14,14328,0.1537816300852812,STABIL
2022-03-15,14321,-0.048855388051372,STABIL
2022-03-16,14311,-0.0698275260107572,TURUN
2022-03-17,14290,-0.1467402697225894,NAIK
2022-03-18,14340,0.3498950314905436,STABIL
2022-03-21,14341,0.0069735006973603,NAIK
2022-03-22,14358,0.1185412453803769,STABIL
2022-03-23,14351,-0.0487533082602076,STABIL
2022-03-24,14361,0.0696815552923224,TURUN
2022-03-25,14341,-0.1392660678225743,NAIK
2022-03-28,14360,0.1324872742486604,STABIL
2022-03-29,14364,0.0278551532033377,TURUN
2022-03-30,14349,-0.1044277360066847,STABIL
2022-03-31,14357,0.0557530141473305,STABIL
2022-04-01,14364,0.0487567040468039,STABIL
2022-04-04,14362,-0.0139236981342216,STABIL
2022-04-05,14348,-0.097479459685279,NAIK
2022-04-06,14364,0.1115137998327187,STABIL
2022-04-07,14359,-0.0348092453355652,STABIL
2022-04-08,14365,0.0417856396685012,STABIL
2022-04-11,14370,0.0348068221371455,STABIL
2022-04-12,14364,-0.041753653444676,STABIL
2022-04-13,14359,-0.0348092453355652,STABIL
2022-04-14,14349,-0.0696427327808391,STABIL
2022-04-18,14356,0.0487838873789003,STABIL
2022-04-19,14347,-0.0626915575369202,STABIL
2022-04-20,14351,0.027880393113544,STABIL
2022-04-21,14348,-0.02090446658769,STABIL
2022-04-22,14361,0.0906049623640825,NAIK
2022-04-25,14452,0.6336606085927121,TURUN
2022-04-26,14412,-0.2767783005812374,STABIL
2022-04-27,14418,0.0416319733555381,NAIK
2022-04-28,14480,0.4300180330142789,NAIK
2022-05-09,14534,0.3729281767955728,STABIL
2022-05-10,14546,0.0825650199532068,STABIL
2022-05-11,14546,0.0,NAIK
2022-05-12,14585,0.2681149456895459,NAIK
2022-05-13,14619,0.2331162152896748,NAIK
2022-05-17,14651,0.2188932211505623,NAIK
2022-05-18,14682,0.2115896525834326,NAIK
2022-05-19,14731,0.3337419970031341,TURUN
2022-05-20,14661,-0.4751883782499466,STABIL
2022-05-23,14665,0.0272832685355606,STABIL
2022-05-24,14653,-0.0818274803955021,STABIL
2022-05-25,14645,-0.0545963283969164,TURUN
2022-05-27,14578,-0.4574940252645931,TURUN
2022-05-30,14544,-0.2332281520098789,NAIK
2022-05-31,14592,0.3300330033003229,TURUN
2022-06-02,14526,-0.4523026315789491,TURUN
2022-06-03,14431,-0.6539997246316931,NAIK
2022-06-06,14462,0.2148153281130937,STABIL
2022-06-07,14464,0.0138293458719296,STABIL
2022-06-08,14477,0.089878318584069,NAIK
2022-06-09,14555,0.5387856600124419,STABIL
2022-06-10,14569,0.0961868773617258,NAIK
2022-06-13,14672,0.706980575193894,NAIK
2022-06-14,14729,0.3884950926935637,NAIK
2022-06-15,14746,0.1154185620205083,STABIL
2022-06-16,14741,-0.0339075003390698,NAIK
2022-06-17,14828,0.5901906247880007,STABIL
2022-06-20,14836,0.0539519827353673,TURUN
2022-06-21,14804,-0.2156915610676768,NAIK
2022-06-22,14860,0.3782761415833668,TURUN
2022-06-23,14835,-0.1682368775235532,STABIL
2022-06-24,14846,0.0741489720256227,TURUN
2022-06-27,14802,-0.296376128250031,NAIK
2022-06-28,14837,0.236454533171182,STABIL
2022-06-29,14848,0.0741389768821099,NAIK
2022-06-30,14882,0.2289870689655249,NAIK
2022-07-01,14956,0.4972449939524281,STABIL
2022-07-04,14960,0.0267451190157697,NAIK
2022-07-05,14990,0.200534759358284,NAIK
2022-07-06,15015,0.1667778519012674,TURUN
2022-07-07,14986,-0.1931401931401954,STABIL
2022-07-08,14981,-0.0333644735086124,STABIL
2022-07-11,14969,-0.0801014618516782,NAIK
2022-07-12,14993,0.1603313514596749,STABIL
2022-07-13,14985,-0.0533582338424598,STABIL
2022-07-14,14999,0.0934267600934291,STABIL
2022-07-15,14999,0.0,STABIL
2022-07-18,14986,-0.0866724448296607,STABIL
2022-07-19,14992,0.0400373682103216,STABIL
2022-07-20,14984,-0.0533617929562413,NAIK
2022-07-21,15017,0.2202349172450546,STABIL
2022-07-22,15024,0.0466138376506553,TURUN
2022-07-25,14992,-0.2129925452609149,STABIL
2022-07-26,14984,-0.0533617929562413,NAIK
2022-07-27,15020,0.2402562733582414,TURUN
2022-07-28,14958,-0.4127829560585883,TURUN
2022-07-29,14860,-0.6551678031822439,STABIL
2022-08-01,14874,0.0942126514131835,STABIL
2022-08-02,14888,0.0941239747209943,NAIK
2022-08-03,14917,0.194787748522307,STABIL
2022-08-04,14929,0.0804451297177655,TURUN
2022-08-05,14904,-0.1674593073883068,STABIL
2022-08-08,14915,0.0738056897477079,TURUN
2022-08-09,14862,-0.3553469661414676,STABIL
2022-08-10,14875,0.0874714035796087,TURUN
2022-08-11,14799,-0.5109243697479005,TURUN
2022-08-12,14688,-0.750050679099934,NAIK
2022-08-15,14727,0.2655228758170036,NAIK
2022-08-16,14767,0.2716099680858397,NAIK
2022-08-18,14822,0.3724520891176253,NAIK
2022-08-19,14858,0.2428822021319554,NAIK
2022-08-22,14882,0.1615291425494769,STABIL
2022-08-23,14893,0.0739147963983333,TURUN
2022-08-24,14851,-0.2820116833411656,TURUN
2022-08-25,14827,-0.1616052791057809,STABIL
2022-08-26,14814,-0.0876778849396409,NAIK
2022-08-29,14887,0.4927771027406491,STABIL
2022-08-30,14875,-0.0806072412171676,TURUN
2022-08-31,14853,-0.1478991596638668,NAIK
2022-09-01,14884,0.2087120447047841,NAIK
2022-09-02,14900,0.1074979844127854,NAIK
2022-09-05,14920,0.1342281879194606,TURUN
2022-09-06,14885,-0.2345844504021421,NAIK
2022-09-07,14927,0.2821632515955574,TURUN
2022-09-08,14905,-0.1473839351510686,TURUN
2022-09-09,14846,-0.3958403220395867,STABIL
2022-09-12,14839,-0.047150747676139,NAIK
2022-09-13,14861,0.148257968865817,NAIK
2022-09-14,14923,0.4171993809299446,TURUN
2022-09-15,14899,-0.1608255712658324,NAIK
2022-09-16,14939,0.2684743942546586,NAIK
2022-09-19,14980,0.2744494276725406,STABIL
2022-09-20,14975,-0.0333778371161552,NAIK
2022-09-21,15011,0.2404006677796388,NAIK
2022-09-22,15033,0.1465591899273866,STABIL
2022-09-23,15035,0.0133040643916615,NAIK
2022-09-26,15119,0.558696375124712,NAIK
2022-09-27,15155,0.238110986176343,NAIK
2022-09-28,15243,0.5806664467172595,STABIL
2022-09-29,15247,0.0262415534999727,STABIL
2022-09-30,15232,-0.0983800091821307,NAIK
2022-10-03,15293,0.4004726890756371,TURUN
2022-10-04,15276,-0.1111619695285393,TURUN
2022-10-05,15196,-0.523697302958892,STABIL
2022-10-06,15197,0.0065806791260891,NAIK
2022-10-07,15246,0.3224320589590101,NAIK
2022-10-10,15299,0.3476321658139936,NAIK
2022-10-11,15362,0.4117916203673522,STABIL
2022-10-12,15373,0.0716052597317995,TURUN
2022-10-13,15357,-0.1040785793273935,NAIK
2022-10-14,15390,0.2148857198671638,NAIK
2022-10-17,15480,0.5847953216374213,STABIL
2022-10-18,15469,-0.0710594315245449,NAIK
2022-10-19,15491,0.1422199237184118,NAIK
2022-10-20,15579,0.5680717836162863,NAIK
2022-10-21,15610,0.1989858142371181,TURUN
2022-10-24,15590,-0.1281229980781506,NAIK
2022-10-25,15616,0.1667735728030805,TURUN
2022-10-26,15596,-0.1280737704917989,TURUN
2022-10-27,15573,-0.1474737112080015,TURUN
2022-10-28,15542,-0.1990624799332208,NAIK
2022-10-31,15596,0.3474456311928886,NAIK
2022-11-01,15647,0.3270069248525242,STABIL
2022-11-02,15652,0.0319550073496488,NAIK
2022-11-03,15681,0.1852798364426311,NAIK
2022-11-04,15736,0.3507429373126758,TURUN
2022-11-07,15692,-0.2796136248093495,STABIL
2022-11-08,15684,-0.0509813917919932,TURUN
2022-11-09,15654,-0.191277735271611,NAIK
2022-11-10,15701,0.3002427494570137,TURUN
2022-11-11,15493,-1.3247563849436372,STABIL
2022-11-14,15499,0.0387271671077327,NAIK
2022-11-15,15564,0.4193818956061745,NAIK
2022-11-16,15610,0.295553842199947,NAIK
2022-11-17,15687,0.4932735426008916,STABIL
2022-11-18,15692,0.0318735258494351,STABIL
2022-11-21,15707,0.0955901096099998,STABIL
2022-11-22,15716,0.0572992933087102,TURUN
2022-11-23,15700,-0.1018070755917532,TURUN
2022-11-24,15647,-0.3375796178343937,NAIK
2022-11-25,15668,0.1342110308685473,NAIK
2022-11-28,15729,0.3893285677814662,STABIL
2022-11-29,15737,0.050861466081753,STABIL
2022-11-30,15742,0.0317722564656453,TURUN
2022-12-01,15617,-0.7940541227290043,TURUN
2022-12-02,15429,-1.2038163539732305,TURUN
2022-12-05,15409,-0.1296260289066042,NAIK
2022-12-06,15576,1.083782205204753,NAIK
2022-12-07,15619,0.2760657421674306,STABIL
2022-12-08,15624,0.0320122927204069,TURUN
2022-12-09,15587,-0.2368151561699893,NAIK
2022-12-12,15642,0.3528581510232831,NAIK
2022-12-13,15661,0.1214678429868332,TURUN
2022-12-14,15619,-0.2681821084221991,STABIL
2022-12-15,15630,0.0704270439848997,STABIL
2022-12-16,15617,-0.0831733845169546,STABIL
2022-12-19,15621,0.0256131139143134,STABIL
2022-12-20,15608,-0.0832213046539909,STABIL
2022-12-21,15601,-0.0448487954894938,STABIL
2022-12-22,15594,-0.0448689186590578,STABIL
2022-12-23,15605,0.0705399512633153,NAIK
2022-12-26,15636,0.1986542774751631,NAIK
2022-12-27,15659,0.1470964441033562,NAIK
2022-12-28,15703,0.2809885688741298,NAIK
2022-12-29,15731,0.178309877093552,TURUN
2022-12-30,15592,-0.8836056194774677,TURUN
2023-01-02,15572,-0.1282709081580346,NAIK
2023-01-03,15590,0.1155920883637362,NAIK
2023-01-04,15615,0.1603592046183433,STABIL
2023-01-05,15610,-0.032020493115592,NAIK
2023-01-06,15635,0.1601537475977021,TURUN
2023-01-09,15574,-0.3901503038055698,STABIL
2023-01-10,15589,0.0963143701040225,TURUN
2023-01-11,15527,-0.3977163384437765,TURUN
2023-01-12,15366,-1.036903458491656,TURUN
2023-01-13,15177,-1.2299882858258449,TURUN
2023-01-16,15019,-1.0410489556565872,NAIK
2023-01-17,15154,0.8988614421732377,TURUN
2023-01-18,15137,-0.1121816022172317,TURUN
2023-01-19,15113,-0.1585518927132212,STABIL
2023-01-20,15121,0.0529345596506303,TURUN
2023-01-24,14930,-1.263143971959524,NAIK
2023-01-25,14958,0.1875418620227664,STABIL
2023-01-26,14964,0.0401123144805559,STABIL
2023-01-27,14978,0.0935578722266683,STABIL
2023-01-30,14979,0.006676458806254,STABIL
2023-01-31,14992,0.0867881701048123,STABIL
2023-02-01,14991,-0.0066702241195315,TURUN
2023-02-02,14868,-0.8204922953772287,NAIK
2023-02-03,14898,0.20177562550443,NAIK
2023-02-06,15055,1.0538327292253902,NAIK
2023-02-07,15139,0.5579541680504896,TURUN
2023-02-08,15122,-0.1122927538146467,STABIL
2023-02-09,15120,-0.0132257637878607,NAIK
2023-02-10,15140,0.1322751322751392,NAIK
2023-02-13,15216,0.5019815059445154,TURUN
2023-02-14,15168,-0.3154574132492094,NAIK
2023-02-15,15194,0.1714135021096963,TURUN
2023-02-16,15176,-0.1184678162432506,NAIK
2023-02-17,15199,0.1515550869794379,TURUN
2023-02-20,15168,-0.2039607868938753,STABIL
2023-02-21,15179,0.0725210970464074,NAIK
2023-02-22,15218,0.2569339218657429,TURUN
2023-02-23,15187,-0.2037061374687843,NAIK
2023-02-24,15216,0.1909527885691764,NAIK
2023-02-27,15274,0.3811777076761391,TURUN
2023-02-28,15240,-0.2226004975775852,STABIL
2023-03-01,15250,0.0656167979002697,NAIK
2023-03-02,15273,0.1508196721311527,NAIK
2023-03-03,15306,0.2160675702219672,STABIL
2023-03-06,15301,-0.0326669280020897,NAIK
2023-03-07,15359,0.3790601921443093,NAIK
2023-03-08,15451,0.5989973305553731,STABIL
2023-03-09,15438,-0.0841369490647836,NAIK
2023-03-10,15468,0.1943256898562007,TURUN
2023-03-13,15374,-0.6077062322213611,STABIL
2023-03-14,15380,0.0390269285807098,STABIL
2023-03-15,15365,-0.0975292587776288,NAIK
2023-03-16,15418,0.3449397982427493,TURUN
2023-03-17,15364,-0.3502399792450372,STABIL
2023-03-20,15372,0.052069773496477,TURUN
2023-03-21,15349,-0.1496226906062991,TURUN
2023-03-24,15189,-1.0424131865268138,STABIL
2023-03-27,15174,-0.098755678451512,TURUN
2023-03-28,15088,-0.5667589297482567,STABIL
2023-03-29,15094,0.0397667020148428,TURUN
2023-03-30,15062,-0.2120047701073324,TURUN
2023-03-31,14977,-0.5643340857787837,STABIL
2023-04-03,14990,0.0867997596314396,TURUN
2023-04-04,14913,-0.5136757838559047,NAIK
2023-04-05,14933,0.134111178166707,STABIL
2023-04-06,14943,0.0669657804861723,TURUN
2023-04-10,14905,-0.2542996720872659,TURUN
2023-04-11,14888,-0.114055686011405,TURUN
2023-04-12,14866,-0.1477700161203632,TURUN
2023-04-13,14792,-0.497780169514328,TURUN
2023-04-14,14666,-0.8518117901568423,NAIK
2023-04-17,14773,0.7295786172098806,NAIK
2023-04-18,14855,0.5550666756921396,NAIK
2023-04-26,14882,0.1817569841804145,TURUN
2023-04-27,14751,-0.8802580298347018,TURUN
2023-04-28,14661,-0.6101281269066505,NAIK
2023-05-02,14703,0.2864743196234975,STABIL
2023-05-03,14706,0.0204039991838378,TURUN
2023-05-04,14632,-0.5031959744322023,NAIK
2023-05-05,14674,0.287042099507917,NAIK
2023-05-08,14709,0.2385171050838241,NAIK
2023-05-09,14757,0.3263308178666158,STABIL
2023-05-10,14746,-0.0745408958460425,TURUN
2023-05-11,14722,-0.1627560016275619,NAIK
2023-05-12,14752,0.2037766607797753,NAIK
2023-05-15,14812,0.4067245119305784,STABIL
2023-05-16,14810,-0.0135025654874443,NAIK
2023-05-17,14875,0.4388926401080351,NAIK
2023-05-19,14936,0.4100840336134448,TURUN
2023-05-22,14897,-0.2611140867702199,TURUN
2023-05-23,14878,-0.1275424582130591,NAIK
2023-05-24,14905,0.1814760048393537,NAIK
2023-05-25,14952,0.3153304260315348,STABIL
2023-05-26,14959,0.0468164794007464,STABIL
2023-05-29,14973,0.0935891436593339,STABIL
2023-05-30,14969,-0.0267147532224676,NAIK
2023-05-31,15003,0.2271360812345468,TURUN
2023-06-05,14888,-0.7665133639938704,TURUN
2023-06-06,14839,-0.3291241268135403,NAIK
2023-06-07,14875,0.2426039490531772,NAIK
2023-06-08,14903,0.1882352941176446,TURUN
2023-06-09,14853,-0.3355029188753966,NAIK
2023-06-12,14874,0.1413855786709827,STABIL
2023-06-13,14868,-0.0403388463089959,NAIK
2023-06-14,14895,0.1815980629539915,NAIK
2023-06-15,14943,0.322255790533732,STABIL
2023-06-16,14945,0.0133841932677514,NAIK
2023-06-19,14994,0.3278688524590123,NAIK
2023-06-20,15040,0.3067893824196366,TURUN
2023-06-21,14982,-0.3856382978723371,TURUN
2023-06-22,14918,-0.4271792818048348,NAIK
2023-06-23,14998,0.5362649148679344,NAIK
2023-06-26,15026,0.1866915588745188,TURUN
2023-06-27,15000,-0.1730334087581497,NAIK
2023-07-03,15034,0.2266666666666639,TURUN
2023-07-04,15018,-0.1064254356791249,STABIL
2023-07-05,15013,-0.0332933812758007,NAIK
2023-07-06,15062,0.3263838007060649,NAIK
2023-07-07,15136,0.4913026158544609,NAIK
2023-07-10,15192,0.36997885835095,TURUN
2023-07-11,15162,-0.1974723538704537,TURUN
2023-07-12,15084,-0.5144440047487153,TURUN
2023-07-13,14978,-0.7027313709891292,TURUN
2023-07-14,14945,-0.2203231406062267,NAIK
2023-07-17,15007,0.4148544663767239,STABIL
2023-07-18,14994,-0.0866262410874951,STABIL
2023-07-20,14991,-0.0200080032012772,NAIK
2023-07-21,15026,0.233473417383756,STABIL
2023-07-24,15028,0.0133102622121628,TURUN
2023-07-25,15007,-0.1397391535799874,NAIK
2023-07-26,15032,0.1665889251682539,TURUN
2023-07-27,15003,-0.1929217668972804,NAIK
2023-07-28,15083,0.5332266879957359,STABIL
2023-07-31,15092,0.0596698269575091,NAIK
2023-08-01,15117,0.1656506758547671,NAIK
2023-08-02,15171,0.3572137328835101,NAIK
2023-08-03,15198,0.1779711291279406,TURUN
2023-08-04,15168,-0.1973943939992062,STABIL
2023-08-07,15178,0.0659282700421926,NAIK
2023-08-08,15229,0.3360126498880067,TURUN
2023-08-09,15206,-0.1510276446253899,STABIL
2023-08-10,15204,-0.0131527028804367,NAIK
2023-08-11,15225,0.1381215469613339,NAIK
2023-08-14,15323,0.6436781609195474,NAIK
2023-08-15,15346,0.1501011551262809,TURUN
2023-08-16,15308,-0.2476215300403983,STABIL
2023-08-18,15308,0.0,NAIK
2023-08-21,15329,0.1371831721975525,STABIL
2023-08-22,15326,-0.0195707482549378,STABIL
2023-08-23,15319,-0.0456740180086123,TURUN
2023-08-24,15253,-0.4308375220314686,NAIK
2023-08-25,15297,0.2884678423916709,STABIL
2023-08-28,15294,-0.0196116885663899,TURUN
2023-08-29,15263,-0.2026938668759026,TURUN
2023-08-30,15239,-0.1572430059621266,STABIL
2023-08-31,15237,-0.0131242207493942,STABIL
2023-09-01,15252,0.098444575703871,STABIL
2023-09-04,15247,-0.0327825858903785,STABIL
2023-09-05,15260,0.0852626746245199,NAIK
2023-09-06,15307,0.3079947575360453,NAIK
2023-09-07,15334,0.1763898869798108,STABIL
2023-09-08,15341,0.0456501891222149,STABIL
2023-09-11,15352,0.0717032787953764,STABIL
2023-09-12,15344,-0.0521104742053135,NAIK
2023-09-13,15367,0.1498957247132448,STABIL
2023-09-14,15357,-0.0650745103143113,STABIL
2023-09-15,15367,0.0651168848082361,STABIL
2023-09-18,15373,0.0390447061885845,STABIL
2023-09-19,15381,0.0520392896636856,STABIL
2023-09-20,15396,0.0975229178856951,STABIL
2023-09-21,15397,0.0064951935567769,STABIL
2023-09-22,15383,-0.0909268039228416,NAIK
2023-09-25,15399,0.1040109211467132,NAIK
2023-09-26,15464,0.4221053315150325,NAIK
2023-09-27,15526,0.4009311950336158,TURUN
2023-09-29,15487,-0.2511915496586359,NAIK
2023-10-02,15519,0.206624911215858,NAIK
2023-10-03,15600,0.5219408467040498,NAIK
2023-10-04,15636,0.2307692307692344,TURUN
2023-10-05,15601,-0.2238424149398787,NAIK
2023-10-06,15628,0.1730658291135167,NAIK
2023-10-09,15675,0.3007422574865526,NAIK
2023-10-10,15708,0.2105263157894832,STABIL
2023-10-11,15710,0.01273236567354,STABIL
2023-10-12,15702,-0.0509229789942722,STABIL
2023-10-13,15709,0.0445803082409934,STABIL
2023-10-16,15716,0.044560443058117,STABIL
2023-10-17,15718,0.0127258844489608,STABIL
2023-10-18,15731,0.0827077236289497,NAIK
2023-10-19,15838,0.6801856207488299,NAIK
2023-10-20,15856,0.1136507134739339,NAIK
2023-10-23,15943,0.548688193743696,TURUN
2023-10-24,15869,-0.4641535470112257,STABIL
2023-10-25,15871,0.012603188606719,NAIK
2023-10-26,15933,0.390649612500793,STABIL
2023-10-27,15941,0.0502102554446715,TURUN
2023-10-30,15916,-0.1568283043723695,TURUN
2023-10-31,15897,-0.1193767278210633,NAIK
2023-11-01,15946,0.3082342580360997,TURUN
2023-11-02,15861,-0.5330490405117239,TURUN
2023-11-03,15771,-0.5674295441649324,TURUN
2023-11-06,15550,-1.40130619491472,NAIK
2023-11-07,15593,0.2765273311897021,NAIK
2023-11-08,15629,0.230872827550832,NAIK
2023-11-09,15649,0.1279672403864618,NAIK
2023-11-10,15693,0.2811681257588239,NAIK
2023-11-13,15713,0.1274453578028467,STABIL
2023-11-14,15699,-0.089098198943549,TURUN
2023-11-15,15503,-1.2484871647875706,NAIK
2023-11-16,15595,0.5934335289943915,TURUN
2023-11-17,15504,-0.5835203590894511,TURUN
2023-11-20,15419,-0.5482456140350922,NAIK
2023-11-21,15436,0.1102535832414597,NAIK
2023-11-22,15584,0.958797615962692,STABIL
2023-11-23,15593,0.0577515400410622,STABIL
2023-11-24,15587,-0.0384788045918016,TURUN
2023-11-27,15527,-0.3849361647526805,TURUN
2023-11-28,15450,-0.4959103497134021,TURUN
2023-11-29,15384,-0.4271844660194146,NAIK
2023-11-30,15484,0.6500260010400494,NAIK
2023-12-01,15524,0.2583311805735011,TURUN
2023-12-04,15446,-0.5024478227261042,NAIK
2023-12-05,15504,0.3755017480253864,STABIL
2023-12-06,15504,0.0,NAIK
2023-12-07,15536,0.2063983488132192,TURUN
2023-12-08,15500,-0.2317198764160699,NAIK
2023-12-11,15614,0.7354838709677347,NAIK
2023-12-12,15631,0.108876649161016,STABIL
2023-12-13,15629,-0.0127950866867121,TURUN
2023-12-14,15493,-0.8701772346279335,STABIL
2023-12-15,15503,0.064545278512873,STABIL
2023-12-18,15516,0.0838547377926879,STABIL
2023-12-19,15506,-0.064449600412475,STABIL
2023-12-20,15512,0.0386946988262693,NAIK
2023-12-21,15533,0.135379061371843,TURUN
2023-12-22,15489,-0.2832678812850098,TURUN
2023-12-27,15414,-0.4842146039124584,STABIL
2023-12-28,15416,0.0129752173348984,NAIK
2023-12-29,15439,0.1491956408925743,NAIK
2024-01-02,15473,0.2202215169376353,NAIK
2024-01-03,15495,0.1421831577586685,NAIK
2024-01-04,15525,0.1936108422071703,STABIL
2024-01-05,15518,-0.0450885668277001,STABIL
2024-01-08,15522,0.0257765175924795,STABIL
2024-01-09,15518,-0.0257698750161017,NAIK
2024-01-10,15568,0.3222064699059057,STABIL
2024-01-11,15558,-0.0642343268242529,STABIL
2024-01-12,15559,0.0064275613832043,STABIL
2024-01-15,15555,-0.02570859309724,NAIK
2024-01-16,15592,0.2378656380584987,NAIK
2024-01-17,15639,0.3014366341713703,STABIL
2024-01-18,15630,-0.0575484366008072,STABIL
2024-01-19,15628,-0.0127959053103032,STABIL
2024-01-22,15627,-0.0063987714358892,NAIK
2024-01-23,15656,0.1855762462404708,NAIK
2024-01-24,15719,0.4024016351558579,NAIK
2024-01-25,15767,0.3053629365735721,NAIK
2024-01-26,15829,0.3932263588507734,STABIL
2024-01-29,15825,-0.0252700739149625,TURUN
2024-01-30,15796,-0.1832543443917811,STABIL
2024-01-31,15803,0.0443150164598726,TURUN
2024-02-01,15775,-0.1771815478073812,TURUN
2024-02-02,15688,-0.5515055467511853,NAIK
2024-02-05,15705,0.1083630800611912,NAIK
2024-02-06,15734,0.1846545686087219,TURUN
2024-02-07,15685,-0.3114274818863616,TURUN
2024-02-12,15612,-0.4654128147911995,TURUN
2024-02-13,15585,-0.1729438893159129,NAIK
2024-02-15,15606,0.1347449470644912,NAIK
2024-02-16,15654,0.3075740099961477,TURUN
2024-02-19,15630,-0.1533154465312325,NAIK
2024-02-20,15659,0.1855406269993587,STABIL
2024-02-21,15658,-0.0063861038380519,TURUN
2024-02-22,15630,-0.1788223272448541,TURUN
2024-02-23,15589,-0.2623160588611672,NAIK
2024-02-26,15635,0.2950798640066754,NAIK
2024-02-27,15655,0.1279181323952771,NAIK
2024-02-28,15673,0.1149792398594806,NAIK
2024-02-29,15715,0.2679767753461348,TURUN
2024-03-01,15696,-0.1209035952911219,NAIK
2024-03-04,15723,0.1720183486238591,NAIK
2024-03-05,15756,0.209883609998096,TURUN
2024-03-06,15723,-0.2094440213252113,TURUN
2024-03-07,15658,-0.413407110602304,TURUN
2024-03-08,15603,-0.351258142802402,TURUN
2024-03-13,15576,-0.1730436454527972,STABIL
2024-03-14,15582,0.0385208012326554,NAIK
2024-03-15,15624,0.2695417789757348,NAIK
2024-03-18,15672,0.3072196620583778,NAIK
2024-03-19,15712,0.2552322613578406,STABIL
2024-03-20,15727,0.0954684317718834,TURUN
2024-03-21,15662,-0.41330196477396,NAIK
2024-03-22,15773,0.7087217469033291,NAIK
2024-03-25,15795,0.1394788562733895,STABIL
2024-03-26,15797,0.0126622348844529,NAIK
2024-03-27,15853,0.3544976894346963,NAIK
2024-03-28,15873,0.126159086608224,NAIK
2024-04-01,15909,0.2268002268002167,NAIK
2024-04-02,15934,0.1571437551071808,STABIL
2024-04-03,15923,-0.069034768419729,TURUN
2024-04-04,15907,-0.1004835772153489,TURUN
2024-04-05,15873,-0.2137423775696256,NAIK
2024-04-16,16176,1.9089019089019168,NAIK
2024-04-17,16240,0.3956478733926794,TURUN
2024-04-18,16177,-0.387931034482758,NAIK
2024-04-19,16280,0.6367064350621288,TURUN
2024-04-22,16224,-0.3439803439803435,NAIK
2024-04-23,16244,0.123274161735698,TURUN
2024-04-24,16161,-0.5109578921447921,NAIK
2024-04-25,16208,0.2908235876492693,STABIL
2024-04-26,16222,0.0863770977295175,NAIK
2024-04-29,16249,0.1664406361731041,NAIK
2024-04-30,16276,0.1661640716351886,TURUN
2024-05-02,16202,-0.4546571639223451,TURUN
2024-05-03,16094,-0.6665843722997167,TURUN
2024-05-06,16025,-0.4287312041754698,NAIK
2024-05-07,16054,0.1809672386895444,NAIK
2024-05-08,16081,0.1681823844524643,STABIL
2024-05-13,16085,0.0248740749953402,NAIK
2024-05-14,16131,0.2859807273857706,TURUN
2024-05-15,16070,-0.3781538652284366,TURUN
2024-05-16,15944,-0.7840696950840109,NAIK
2024-05-17,15978,0.2132463622679381,STABIL
2024-05-20,15980,0.0125172111653526,NAIK
2024-05-21,16024,0.2753441802252787,TURUN
2024-05-22,15995,-0.1809785322016921,NAIK
2024-05-27,16064,0.4313848077524218,NAIK
2024-05-28,16095,0.192978087649398,NAIK
2024-05-29,16160,0.4038521279900564,NAIK
2024-05-30,16253,0.5754950495049593,STABIL
2024-05-31,16251,-0.0123054205377504,TURUN
2024-06-03,16225,-0.1599901544520388,STABIL
2024-06-04,16220,-0.030816640986131,NAIK
2024-06-05,16282,0.3822441430332945,STABIL
2024-06-06,16279,-0.0184252548826924,TURUN
2024-06-07,16218,-0.3747158916395321,NAIK
2024-06-10,16290,0.4439511653718142,STABIL
2024-06-11,16295,0.0306936771025112,STABIL
2024-06-12,16297,0.0122737035900488,STABIL
2024-06-13,16286,-0.0674970853531298,NAIK
2024-06-14,16374,0.5403413975193505,STABIL
2024-06-19,16368,-0.0366434591425379,NAIK
2024-06-20,16420,0.3176930596285432,NAIK
2024-06-21,16458,0.231425091352011,TURUN
2024-06-24,16431,-0.1640539555231468,TURUN
2024-06-25,16379,-0.3164749558760893,NAIK
2024-06-26,16435,0.341901214970397,STABIL
2024-06-27,16421,-0.0851840584119245,TURUN
2024-06-28,16394,-0.1644236039218038,TURUN
2024-07-01,16355,-0.2378919116750033,NAIK
2024-07-02,16384,0.1773158055640378,STABIL
2024-07-03,16387,0.018310546875,TURUN
2024-07-04,16341,-0.2807103191554305,TURUN
2024-07-05,16312,-0.1774677192338258,TURUN
2024-07-08,16265,-0.2881314369789112,STABIL
2024-07-09,16281,0.0983707347064211,TURUN
2024-07-10,16256,-0.1535532215465873,TURUN
2024-07-11,16200,-0.3444881889763773,TURUN
2024-07-12,16154,-0.2839506172839456,NAIK
2024-07-15,16174,0.1238083446824411,NAIK
2024-07-16,16203,0.1793001112897263,TURUN
2024-07-17,16129,-0.4567055483552407,NAIK
2024-07-18,16160,0.1922003844007758,NAIK
2024-07-19,16199,0.2413366336633693,NAIK
2024-07-22,16228,0.1790233965059506,TURUN
2024-07-23,16204,-0.1478925314271628,NAIK
2024-07-24,16224,0.1234263144902492,NAIK
2024-07-25,16268,0.2712031558185446,NAIK
2024-07-26,16294,0.1598229653307026,STABIL
2024-07-29,16286,-0.0490978274211406,NAIK
2024-07-30,16320,0.2087682672233803,TURUN
2024-07-31,16294,-0.1593137254901955,TURUN
2024-08-01,16243,-0.3129986498097481,STABIL
2024-08-02,16234,-0.0554084836544954,TURUN
2024-08-05,16154,-0.492792903782191,NAIK
2024-08-06,16183,0.1795220997895308,TURUN
2024-08-07,16100,-0.5128838905023803,TURUN
2024-08-08,15952,-0.9192546583850936,TURUN
2024-08-09,15914,-0.2382146439318,NAIK
2024-08-12,15963,0.3079049893175867,TURUN
2024-08-13,15885,-0.488629956775044,TURUN
2024-08-14,15691,-1.2212779351589598,STABIL
2024-08-15,15687,-0.0254923204384693,NAIK
2024-08-16,15716,0.1848664499267016,TURUN
2024-08-19,15591,-0.7953677780605739,TURUN
2024-08-20,15480,-0.7119492014623807,TURUN
2024-08-21,15456,-0.1550387596899183,NAIK
2024-08-22,15579,0.7958074534161419,TURUN
2024-08-23,15554,-0.160472430836378,TURUN
2024-08-26,15380,-1.118683296901124,NAIK
2024-08-27,15509,0.8387516254876548,TURUN
2024-08-28,15476,-0.2127796763169764,TURUN
2024-08-29,15409,-0.4329284052726811,NAIK
2024-08-30,15473,0.415341683431758,NAIK
2024-09-02,15536,0.4071608608543942,NAIK
2024-09-03,15557,0.1351699279093621,TURUN
2024-09-04,15490,-0.4306742945297981,TURUN
2024-09-05,15410,-0.5164622336991553,TURUN
2024-09-06,15372,-0.2465931213497696,NAIK
2024-09-09,15446,0.4813947436898225,STABIL
2024-09-10,15447,0.0064741680694035,TURUN
2024-09-11,15415,-0.2071599663365009,STABIL
2024-09-12,15421,0.0389231268245193,TURUN
2024-09-13,15405,-0.1037546203229378,TURUN
2024-09-17,15338,-0.4349237260629635,STABIL
2024-09-18,15350,0.0782370582866009,TURUN
2024-09-19,15287,-0.4104234527687267,TURUN
2024-09-20,15100,-1.223261594819125,NAIK
2024-09-23,15191,0.6026490066225243,STABIL
2024-09-24,15186,-0.0329142255282688,TURUN
2024-09-25,15092,-0.618991176083239,NAIK
2024-09-26,15171,0.5234561357010392,TURUN
2024-09-27,15138,-0.217520268934146,STABIL
2024-09-30,15144,0.0396353547364336,NAIK
2024-10-01,15204,0.3961965134706924,NAIK
2024-10-02,15247,0.2828203104446203,NAIK
2024-10-03,15394,0.964124089984919,NAIK
2024-10-04,15495,0.6560997791347223,NAIK
2024-10-07,15680,1.1939335269441689,STABIL
2024-10-08,15671,-0.0573979591836693,TURUN
2024-10-09,15607,-0.4083976772382147,NAIK
2024-10-10,15658,0.3267764464663258,TURUN
2024-10-11,15609,-0.3129390726784975,TURUN
2024-10-14,15581,-0.1793836888974276,TURUN
2024-10-15,15555,-0.166869905654321,TURUN
2024-10-16,15536,-0.1221472195435557,TURUN
2024-10-17,15516,-0.1287332646755956,TURUN
2024-10-18,15466,-0.3222480020623863,STABIL
2024-10-21,15465,-0.0064657959394809,NAIK
2024-10-22,15560,0.6142903330100147,NAIK
2024-10-23,15620,0.3856041131105492,TURUN
2024-10-24,15593,-0.1728553137003818,NAIK
2024-10-25,15629,0.230872827550832,NAIK
2024-10-28,15729,0.639836201932309,NAIK
2024-10-29,15760,0.197088181066829,TURUN
2024-10-30,15732,-0.1776649746192848,TURUN
2024-10-31,15705,-0.1716247139588067,NAIK
2024-11-01,15723,0.1146131805157546,NAIK
2024-11-04,15751,0.1780830630286889,STABIL
2024-11-05,15766,0.0952320487588087,NAIK
2024-11-06,15840,0.4693644551566622,TURUN
2024-11-07,15767,-0.4608585858585812,TURUN
2024-11-08,15671,-0.6088666201560233,STABIL
2024-11-11,15677,0.0382872822410895,NAIK
2024-11-12,15771,0.5996045161701824,STABIL
2024-11-13,15782,0.0697482721450759,NAIK
2024-11-14,15873,0.5766062602965416,STABIL
2024-11-15,15888,0.094500094500094,TURUN
2024-11-18,15848,-0.2517623363544774,TURUN
2024-11-19,15816,-0.2019182231196348,NAIK
2024-11-20,15858,0.2655538694992465,NAIK
2024-11-21,15942,0.5297010972379779,TURUN
2024-11-22,15911,-0.1944548990089112,TURUN
2024-11-25,15864,-0.2953931242536622,NAIK
2024-11-26,15930,0.4160363086233021,TURUN
2024-11-28,15864,-0.4143126177024503,STABIL
2024-11-29,15856,-0.0504286434694911,NAIK
2024-12-02,15905,0.3090312815338114,NAIK
2024-12-03,15950,0.2829298962590432,STABIL
2024-12-04,15957,0.0438871473354307,TURUN
2024-12-05,15892,-0.4073447389860263,TURUN
2024-12-06,15848,-0.2768688648376538,STABIL
2024-12-09,15861,0.0820292781423592,STABIL
2024-12-10,15874,0.081962045268269,NAIK
2024-12-11,15905,0.1952878921506862,NAIK
2024-12-12,15939,0.2137692549512682,NAIK
2024-12-13,15987,0.3011481272350735,NAIK
2024-12-16,16019,0.2001626321386229,NAIK
2024-12-17,16050,0.1935201947687037,NAIK
2024-12-18,16100,0.3115264797507677,NAIK
2024-12-19,16277,1.0993788819875672,STABIL
2024-12-20,16270,-0.0430054678380531,TURUN
2024-12-23,16159,-0.6822372464658888,NAIK
2024-12-24,16208,0.3032365864224173,NAIK
2024-12-27,16251,0.2653010858835181,TURUN
2024-12-30,16162,-0.5476586056242683,STABIL
2024-12-31,16157,-0.030936765251821,NAIK
2025-01-02,16236,0.4889521569598321,TURUN
2025-01-03,16217,-0.1170238975117032,TURUN
2025-01-06,16193,-0.1479928470123903,TURUN
2025-01-07,16169,-0.1482121904526678,NAIK
2025-01-08,16201,0.1979095800606067,NAIK
2025-01-09,16238,0.2283809641380196,TURUN
2025-01-10,16194,-0.2709693311984229,NAIK
2025-01-13,16281,0.5372360133382825,STABIL
2025-01-14,16265,-0.0982740617898159,NAIK
2025-01-15,16311,0.2828158622809607,NAIK
2025-01-16,16378,0.4107657409110343,STABIL
2025-01-17,16373,-0.0305287580901203,STABIL
2025-01-20,16372,-0.0061076161973927,TURUN
2025-01-21,16331,-0.2504275592474903,STABIL
2025-01-22,16327,-0.0244932949605036,TURUN
2025-01-23,16276,-0.3123660194769395,TURUN
2025-01-24,16200,-0.4669451953796977,NAIK
2025-01-30,16259,0.3641975308642076,NAIK
2025-01-31,16312,0.3259733070914539,NAIK
2025-02-03,16453,0.8643943109367447,TURUN
2025-02-04,16365,-0.5348568650094254,TURUN
2025-02-05,16308,-0.3483043079743342,NAIK
2025-02-06,16330,0.1349031150355673,STABIL
2025-02-07,16325,-0.0306184935701114,NAIK
2025-02-10,16350,0.153139356814691,NAIK
2025-02-11,16380,0.1834862385321045,STABIL
2025-02-12,16364,-0.0976800976800973,STABIL
2025-02-13,16365,0.0061109753116683,TURUN
2025-02-14,16285,-0.488848151542931,TURUN
2025-02-17,16208,-0.4728277556033111,NAIK
2025-02-18,16275,0.4133761105626909,NAIK
2025-02-19,16357,0.5038402457757218,STABIL
2025-02-20,16344,-0.0794766766522014,TURUN
2025-02-21,16300,-0.2692119432207485,STABIL
2025-02-24,16303,0.0184049079754666,STABIL
2025-02-25,16316,0.0797399251671437,NAIK
2025-02-26,16387,0.4351556754106367,NAIK
2025-02-27,16431,0.2685055226704147,NAIK
2025-02-28,16575,0.8763921855030166,TURUN
2025-03-03,16506,-0.4162895927601773,TURUN
2025-03-04,16443,-0.3816793893129722,TURUN
2025-03-05,16371,-0.4378762999452612,TURUN
2025-03-06,16315,-0.3420682914910489,NAIK
2025-03-07,16336,0.1287159056083453,STABIL
2025-03-10,16326,-0.0612144955925542,NAIK
2025-03-11,16430,0.6370207031728636,NAIK
2025-03-12,16453,0.1399878271454602,TURUN
2025-03-13,16428,-0.1519479730140438,TURUN
2025-03-14,16392,-0.2191380569758982,STABIL
2025-03-17,16379,-0.0793069790141487,NAIK
2025-03-18,16432,0.3235850784541139,NAIK
2025-03-19,16528,0.5842259006815897,TURUN
2025-03-20,16481,-0.2843659244917695,NAIK
2025-03-21,16501,0.1213518597172447,NAIK
2025-03-24,16561,0.36361432640446,NAIK
2025-03-25,16622,0.3683352454561861,TURUN
2025-03-26,16588,-0.2045481891469136,TURUN
2025-03-27,16566,-0.132625994694957,NAIK
2025-04-08,16849,1.7083182421827825,NAIK
2025-04-09,16943,0.5578966110748373,TURUN
2025-04-10,16779,-0.9679513663459872,NAIK
2025-04-11,16805,0.1549555992609752,TURUN
2025-04-14,16773,-0.1904195180005952,NAIK
2025-04-15,16815,0.2504024324807785,NAIK
2025-04-16,16845,0.1784121320249854,STABIL
2025-04-17,16833,-0.0712377560106891,TURUN
2025-04-21,16808,-0.148517792431535,NAIK
2025-04-22,16862,0.3212755830556801,NAIK
2025-04-23,16880,0.1067489028584889,STABIL
2025-04-24,16884,0.0236966824644468,TURUN
2025-04-25,16829,-0.3257521914238337,NAIK
2025-04-28,16862,0.1960900825955125,TURUN
2025-04-29,16787,-0.4447870952437482,TURUN
2025-04-30,16679,-0.6433549770655911,TURUN
2025-05-02,16493,-1.1151747706697024,TURUN
2025-05-05,16421,-0.4365488389013516,NAIK
2025-05-06,16472,0.3105779185189616,NAIK
2025-05-07,16533,0.3703254006799383,TURUN
2025-05-08,16497,-0.2177463255307543,NAIK
2025-05-09,16532,0.2121597866278746,NAIK
2025-05-14,16568,0.217759496733616,TURUN
2025-05-15,16535,-0.1991791405118292,TURUN
2025-05-16,16424,-0.6713032960387055,NAIK
2025-05-19,16455,0.1887481734047735,TURUN
2025-05-20,16406,-0.2977818292312362,STABIL
2025-05-21,16413,0.0426673168353097,TURUN
2025-05-22,16313,-0.6092731371473814,TURUN
2025-05-23,16289,-0.1471219272972446,TURUN
2025-05-26,16207,-0.5034072073178186,NAIK
2025-05-27,16255,0.2961683223298594,NAIK
2025-05-28,16300,0.2768378960319895,STABIL
2025-06-02,16297,-0.0184049079754555,STABIL
2025-06-03,16288,-0.0552248880162031,NAIK
2025-06-04,16305,0.104371316306473,TURUN
2025-06-05,16277,-0.1717264642747573,STABIL
2025-06-10,16276,-0.006143638262579,STABIL
2025-06-11,16265,-0.067584173015478,TURUN
2025-06-12,16237,-0.172148785736248,NAIK
2025-06-13,16293,0.3448912976535156,STABIL
2025-06-16,16296,0.0184128153194684,STABIL
2025-06-17,16281,-0.092047128129602,NAIK
2025-06-18,16319,0.2334008967508127,NAIK
2025-06-19,16378,0.3615417611373184,NAIK
2025-06-20,16399,0.1282207839785165,NAIK
2025-06-23,16484,0.5183242880663519,TURUN
2025-06-24,16370,-0.6915797136617274,TURUN
2025-06-25,16292,-0.4764813683567515,TURUN
2025-06-26,16233,-0.3621409280628485,STABIL
2025-06-30,16231,-0.0123205815314442,TURUN
2025-07-01,16192,-0.2402809438728392,NAIK
2025-07-02,16236,0.2717391304347893,TURUN
2025-07-03,16209,-0.1662971175166339,STABIL
2025-07-04,16204,-0.030847060275152,NAIK
2025-07-07,16237,0.2036534189089112,STABIL
2025-07-08,16238,0.0061587731723822,STABIL
2025-07-09,16254,0.0985343022539719,TURUN
2025-07-10,16220,-0.209179278946725,STABIL
2025-07-11,16221,0.0061652281134305,NAIK
2025-07-14,16247,0.1602860489488877,NAIK
2025-07-15,16281,0.2092694035821907,STABIL
2025-07-16,16288,0.0429949020330555,NAIK
2025-07-17,16329,0.2517190569744532,TURUN
2025-07-18,16301,-0.1714740645477386,NAIK
2025-07-21,16330,0.1779031961229416,TURUN
2025-07-22,16307,-0.140845070422535,STABIL
2025-07-23,16298,-0.0551910222603813,STABIL
2025-07-24,16283,-0.0920358326174985,NAIK
2025-07-25,16325,0.2579377264631866,STABIL
2025-07-28,16341,0.0980091883614031,NAIK
2025-07-29,16399,0.3549354384676517,STABIL
2025-07-30,16387,-0.0731751936093649,NAIK
2025-07-31,16459,0.4393726734606806,NAIK
2025-08-01,16494,0.2126496141928502,TURUN
2025-08-04,16388,-0.6426579362192264,STABIL
2025-08-05,16388,0.0,STABIL
2025-08-06,16379,-0.0549182328533071,TURUN
2025-08-07,16312,-0.4090603821967131,STABIL
2025-08-08,16299,-0.0796959293771437,TURUN
2025-08-11,16253,-0.2822259034296559,NAIK
2025-08-12,16298,0.2768719620993121,TURUN
2025-08-13,16237,-0.3742790526444994,TURUN
2025-08-14,16109,-0.7883229660651581,NAIK
2025-08-15,16162,0.3290086287168758,NAIK
2025-08-19,16241,0.4888008909788466,NAIK
2025-08-20,16291,0.3078628163290409,STABIL
2025-08-21,16283,-0.0491068688232787,NAIK
2025-08-22,16340,0.3500583430571691,TURUN
2025-08-25,16255,-0.5201958384332905,NAIK
2025-08-26,16277,0.1353429713934151,NAIK
