model,split,task,accuracy,balanced_accuracy,macro_f1,kappa,rmse,mae,mape,skill_vs_naive,directional_hit
Naive Persistence of Direction,val,clf,0.3785,0.3711,0.3713,0.0603,,,,,
Naive Majority-Class,val,clf,0.3898,0.3333,0.187,0.0,,,,,
Naive Persistence (Random Walk),val,reg,,,,,56.0099,40.8701,0.2479,0.0,
Naive Persistence of Direction,test,clf,0.3687,0.3562,0.3562,0.0326,,,,,
Naive Majority-Class,test,clf,0.4302,0.3333,0.2005,0.0,,,,,
Naive Persistence (Random Walk),test,reg,,,,,51.1231,38.5419,0.2214,0.0,
XGBoost TS-only,val,clf,0.3333,0.3379,0.3245,-0.0023,,,,,
XGBoost TS-only,test,clf,0.3687,0.3705,0.3626,0.0486,,,,,
XGBoost TS-only,val,reg,,,,,55.6477,40.5737,0.2462,0.0065,0.5367
XGBoost TS-only,test,reg,,,,,50.9977,38.1829,0.2193,0.0025,0.5978
XGBoost Gabungan (TS+NLP),val,clf,0.4068,0.4054,0.4009,0.1046,,,,,
XGBoost Gabungan (TS+NLP),val,reg,,,,,55.6733,40.8703,0.248,0.006,0.5424
XGBoost Gabungan (TS+NLP),test,clf,0.3017,0.2969,0.2938,-0.0571,,,,,
XGBoost Gabungan (TS+NLP),test,reg,,,,,50.82,37.853,0.2173,0.0059,0.5978
