date,rate,log_ret,direction,ret_next,direction_next,gap_days,dayofweek,n_articles,mean_hours_to_cutoff,has_news,vader_title_mean,vader_body_mean_mean,vader_body_neg_share_mean,vader_body_pos_share_mean,vader_title_w,vader_body_mean_w,vader_body_min,vader_body_max,tfidf_body_svd_0,tfidf_body_svd_1,tfidf_body_svd_2,tfidf_body_svd_3,tfidf_body_svd_4,tfidf_body_svd_5,tfidf_body_svd_6,tfidf_body_svd_7,tfidf_body_svd_8,tfidf_body_svd_9,tfidf_body_svd_10,tfidf_body_svd_11,tfidf_body_svd_12,tfidf_body_svd_13,tfidf_body_svd_14,tfidf_body_svd_15,tfidf_body_svd_16,tfidf_body_svd_17,tfidf_body_svd_18,tfidf_body_svd_19,tfidf_body_svd_20,tfidf_body_svd_21,tfidf_body_svd_22,tfidf_body_svd_23,tfidf_body_svd_24,tfidf_body_svd_25,tfidf_body_svd_26,tfidf_body_svd_27,tfidf_body_svd_28,tfidf_body_svd_29,tfidf_title_svd_0,tfidf_title_svd_1,tfidf_title_svd_2,tfidf_title_svd_3,tfidf_title_svd_4,tfidf_title_svd_5,tfidf_title_svd_6,tfidf_title_svd_7,tfidf_title_svd_8,tfidf_title_svd_9,tfidf_title_svd_10,tfidf_title_svd_11,tfidf_title_svd_12,tfidf_title_svd_13,tfidf_title_svd_14
2021-09-02,14281,-0.0002100472614059,0.0,-0.0014014437161661,0.0,1.0,3,1,6.337777777777778,1,0.0,0.16515666666666667,0.1,0.43333333333333335,0.0,0.16515666666666667,0.16515666666666667,0.16515666666666667,0.26034083948457554,0.2521058884259103,0.0031013517292779037,-0.21836029966714676,0.1658628069577067,-0.38898904523564426,-0.24371771782380103,0.09205196686105595,-0.09380153500371627,0.1077937518212177,0.049544443167401864,0.025637379157781626,0.1376272691646269,0.09375779262434202,-0.06715607672771438,0.06308502153002463,0.07044975409252426,-0.008146825133234727,0.05471866025118922,-0.048588414335852995,-0.07004524532451181,-0.01680841782670221,0.09480589797853614,0.10009169626081847,-0.09188936890596011,-0.08143957272743405,0.06056390196262249,-0.08745754497814312,-0.05402729599089788,0.095673653919623,0.162938933058235,0.21105050986102328,0.4417819363176774,-0.41516098018469544,-0.09062439228858714,-0.0721496721855606,-0.0368374474425858,-0.1463525165048254,-0.22636544707371614,-0.23063227658889127,0.13013302922437892,0.009666891384755433,-0.10285825115185823,-0.1818210135971701,-0.03965744067736182
2021-09-03,14261,-0.0014014437161661,0.0,-0.0015438599557723,0.0,1.0,4,0,0.0,0,0.0,0.0,0.0,0.0,0.0,0.0,0.0,0.0,0.0,0.0,0.0,0.0,0.0,0.0,0.0,0.0,0.0,0.0,0.0,0.0,0.0,0.0,0.0,0.0,0.0,0.0,0.0,0.0,0.0,0.0,0.0,0.0,0.0,0.0,0.0,0.0,0.0,0.0,0.0,0.0,0.0,0.0,0.0,0.0,0.0,0.0,0.0,0.0,0.0,0.0,0.0,0.0,0.0
2021-09-06,14239,-0.0015438599557723,0.0,-0.003094888873923,0.0,3.0,0,0,0.0,0,0.0,0.0,0.0,0.0,0.0,0.0,0.0,0.0,0.0,0.0,0.0,0.0,0.0,0.0,0.0,0.0,0.0,0.0,0.0,0.0,0.0,0.0,0.0,0.0,0.0,0.0,0.0,0.0,0.0,0.0,0.0,0.0,0.0,0.0,0.0,0.0,0.0,0.0,0.0,0.0,0.0,0.0,0.0,0.0,0.0,0.0,0.0,0.0,0.0,0.0,0.0,0.0,0.0
2021-09-07,14195,-0.003094888873923,0.0,0.0049892939309119,1.0,1.0,1,0,0.0,0,0.0,0.0,0.0,0.0,0.0,0.0,0.0,0.0,0.0,0.0,0.0,0.0,0.0,0.0,0.0,0.0,0.0,0.0,0.0,0.0,0.0,0.0,0.0,0.0,0.0,0.0,0.0,0.0,0.0,0.0,0.0,0.0,0.0,0.0,0.0,0.0,0.0,0.0,0.0,0.0,0.0,0.0,0.0,0.0,0.0,0.0,0.0,0.0,0.0,0.0,0.0,0.0,0.0
2021-09-08,14266,0.0049892939309119,1.0,0.0004204919818072,1.0,1.0,2,1,22.3775,1,-0.34,-0.006199999999999993,0.3103448275862069,0.3793103448275862,-0.34,-0.006199999999999993,-0.006199999999999993,-0.006199999999999993,0.27792540121326154,-0.03622483323790886,-0.049129939874207995,-0.011973066506211256,-0.053230204255617926,0.026468283371032082,0.047318005589286304,-0.19282584398751984,-0.036631181030259856,0.09086973719916178,0.04683597814321956,-0.351725232353923,0.07494895720427877,0.09286844436994343,-0.2504772450461068,0.014428838497244476,-0.14357486668643674,-0.06249378824849701,-0.29941677856331617,0.19592967201370587,-0.10605282311636967,0.17692468691107974,0.24317232206099207,0.14543623804014513,0.06846383706529433,0.30150577718532984,-0.03155538376004699,-0.11910860793573584,0.19330959887451765,0.16801802717771422,0.06485104147312173,-0.007020063855952979,0.010225621153729263,0.04622190986093278,-0.09874062059466497,-0.16814486547607466,-0.009750917308623049,0.013213515803545222,0.07603655381127196,0.05635748613292584,0.15830983149838573,0.09778650171502754,-0.0875608734399427,0.2229952183669031,-0.05270728567963624
2021-09-09,14272,0.0004204919818072,1.0,-0.0032985958252589,0.0,1.0,3,0,0.0,0,0.0,0.0,0.0,0.0,0.0,0.0,0.0,0.0,0.0,0.0,0.0,0.0,0.0,0.0,0.0,0.0,0.0,0.0,0.0,0.0,0.0,0.0,0.0,0.0,0.0,0.0,0.0,0.0,0.0,0.0,0.0,0.0,0.0,0.0,0.0,0.0,0.0,0.0,0.0,0.0,0.0,0.0,0.0,0.0,0.0,0.0,0.0,0.0,0.0,0.0,0.0,0.0,0.0
2021-09-10,14225,-0.0032985958252589,0.0,0.0024574349737552,1.0,1.0,4,1,4.395277777777777,1,-0.5719,0.081052,0.16,0.32,-0.5719,0.081052,0.081052,0.081052,0.31040771378679577,0.25702253405795356,-0.1858446884157415,-0.3285537771893501,0.0136991923511999,-0.25359325612910527,-0.0663981064671511,0.24708468511801968,-0.0169681103985987,-0.03592711570718557,0.02963448438539249,-0.055254373894941054,-0.058700036670980414,0.18537825697434607,0.15467090099566796,-0.06458072155349426,-0.12426561778522383,-0.15485054050466182,-0.00542499553535735,0.04402907014573453,0.0970210083954192,0.09779673919474417,-0.05407167190522863,-0.019538583713051585,0.040287793652963096,0.023117662842715155,-0.06987713476804656,0.008257453178350662,0.09283069019652694,-0.07076075754237177,0.09717803345987545,0.46886120426785094,0.1291351229743312,0.5369872418069578,0.13322736172759322,0.10374915516358445,-0.09147642062326605,0.029385058118175718,0.16467412185444394,-0.114140841894684,0.058151489310560925,0.08887909608209951,-0.1709211809510654,-0.14606297208076743,-0.06213300159276728
2021-09-13,14260,0.0024574349737552,1.0,-0.0002104008143259,0.0,3.0,0,0,0.0,0,0.0,0.0,0.0,0.0,0.0,0.0,0.0,0.0,0.0,0.0,0.0,0.0,0.0,0.0,0.0,0.0,0.0,0.0,0.0,0.0,0.0,0.0,0.0,0.0,0.0,0.0,0.0,0.0,0.0,0.0,0.0,0.0,0.0,0.0,0.0,0.0,0.0,0.0,0.0,0.0,0.0,0.0,0.0,0.0,0.0,0.0,0.0,0.0,0.0,0.0,0.0,0.0,0.0
2021-09-14,14257,-0.0002104008143259,0.0,-0.0003507664282342,0.0,1.0,1,0,0.0,0,0.0,0.0,0.0,0.0,0.0,0.0,0.0,0.0,0.0,0.0,0.0,0.0,0.0,0.0,0.0,0.0,0.0,0.0,0.0,0.0,0.0,0.0,0.0,0.0,0.0,0.0,0.0,0.0,0.0,0.0,0.0,0.0,0.0,0.0,0.0,0.0,0.0,0.0,0.0,0.0,0.0,0.0,0.0,0.0,0.0,0.0,0.0,0.0,0.0,0.0,0.0,0.0,0.0
2021-09-15,14252,-0.0003507664282342,0.0,-0.000982801061908,0.0,1.0,2,0,0.0,0,0.0,0.0,0.0,0.0,0.0,0.0,0.0,0.0,0.0,0.0,0.0,0.0,0.0,0.0,0.0,0.0,0.0,0.0,0.0,0.0,0.0,0.0,0.0,0.0,0.0,0.0,0.0,0.0,0.0,0.0,0.0,0.0,0.0,0.0,0.0,0.0,0.0,0.0,0.0,0.0,0.0,0.0,0.0,0.0,0.0,0.0,0.0,0.0,0.0,0.0,0.0,0.0,0.0
2021-09-16,14238,-0.000982801061908,0.0,-0.0003512345931932,0.0,1.0,3,1,23.49,1,0.0,0.1081242424242424,0.21212121212121213,0.3939393939393939,0.0,0.1081242424242424,0.1081242424242424,0.1081242424242424,0.32880477353309373,0.07963216796646605,-0.09896441267253339,0.1329095959687128,-0.24802685727174778,-0.02486125208129924,0.053163216357014445,0.13298866656814268,0.004610348823659477,0.1442650632986921,-0.02516640934694026,0.07578292286117863,-0.1762526989337997,0.260339778970508,-0.2122067117807114,-0.11759812375190337,0.4223930084357428,0.014454799182469032,0.0970006585525699,-0.019395550081406043,0.10049093690656481,-0.047664905029379166,-0.18194157456901378,0.10425157960487971,-0.12489125663155187,0.14347339363421577,-0.0009421719562718535,0.06326171562529105,-0.1407576274015569,-0.0073640859623758555,0.08952129681530235,0.14042184732934257,0.03087343049108888,0.13095209312775383,0.42186317004749907,0.007066762589749372,-0.07969658379380197,0.4573987979140697,-0.017067968208423795,-0.19264631153459186,-0.020064030129881158,-0.08852294848858808,-0.35573494812347606,-0.001252905092000961,-0.22351859886660133
2021-09-17,14233,-0.0003512345931932,0.0,0.0012638676025869,1.0,1.0,4,0,0.0,0,0.0,0.0,0.0,0.0,0.0,0.0,0.0,0.0,0.0,0.0,0.0,0.0,0.0,0.0,0.0,0.0,0.0,0.0,0.0,0.0,0.0,0.0,0.0,0.0,0.0,0.0,0.0,0.0,0.0,0.0,0.0,0.0,0.0,0.0,0.0,0.0,0.0,0.0,0.0,0.0,0.0,0.0,0.0,0.0,0.0,0.0,0.0,0.0,0.0,0.0,0.0,0.0,0.0
2021-09-20,14251,0.0012638676025869,1.0,-0.0004913142755438,0.0,3.0,0,1,20.99888888888889,1,-0.1027,0.2667135135135135,0.13513513513513514,0.6216216216216216,-0.10270000000000001,0.2667135135135135,0.2667135135135135,0.2667135135135135,0.31463957593764513,0.1050736766250586,-0.14569681765879353,-0.30230743749558764,-0.05429997768991607,-0.10679114618277824,0.0422375925462734,-0.06192792684769666,-0.03799201088828077,-0.09403488598950736,0.008461407911711951,0.03417879742430765,-0.14596531340173238,-0.26042105097062856,-0.26890583758353165,0.06507246234020593,0.30338340968696115,-0.12266169024677928,-0.06381754463614449,-0.13560528137229702,-0.13767775882922745,0.05418517073381802,0.15124723683881794,0.024109241494902605,0.026188585761823972,-0.19180072750878666,-0.06112858603021858,-0.05547446628407558,-0.14080792505894235,0.05328019638804631,0.10346077709620485,0.37675741772485266,0.3379657056414287,0.02290315169157156,-0.10871430407771765,0.030677146112187196,0.17659249916310069,0.032565787216644645,0.4107635087610367,0.10788436909456366,-0.2089967729876047,0.128775247371672,-0.03552652687654223,0.047406201410659356,-0.06479498732196343
2021-09-21,14244,-0.0004913142755438,0.0,0.0003509633981204,1.0,1.0,1,0,0.0,0,0.0,0.0,0.0,0.0,0.0,0.0,0.0,0.0,0.0,0.0,0.0,0.0,0.0,0.0,0.0,0.0,0.0,0.0,0.0,0.0,0.0,0.0,0.0,0.0,0.0,0.0,0.0,0.0,0.0,0.0,0.0,0.0,0.0,0.0,0.0,0.0,0.0,0.0,0.0,0.0,0.0,0.0,0.0,0.0,0.0,0.0,0.0,0.0,0.0,0.0,0.0,0.0,0.0
2021-09-22,14249,0.0003509633981204,1.0,0.0004911419148017,1.0,1.0,2,0,0.0,0,0.0,0.0,0.0,0.0,0.0,0.0,0.0,0.0,0.0,0.0,0.0,0.0,0.0,0.0,0.0,0.0,0.0,0.0,0.0,0.0,0.0,0.0,0.0,0.0,0.0,0.0,0.0,0.0,0.0,0.0,0.0,0.0,0.0,0.0,0.0,0.0,0.0,0.0,0.0,0.0,0.0,0.0,0.0,0.0,0.0,0.0,0.0,0.0,0.0,0.0,0.0,0.0,0.0
2021-09-23,14256,0.0004911419148017,1.0,-0.0004209640137939,0.0,1.0,3,0,0.0,0,0.0,0.0,0.0,0.0,0.0,0.0,0.0,0.0,0.0,0.0,0.0,0.0,0.0,0.0,0.0,0.0,0.0,0.0,0.0,0.0,0.0,0.0,0.0,0.0,0.0,0.0,0.0,0.0,0.0,0.0,0.0,0.0,0.0,0.0,0.0,0.0,0.0,0.0,0.0,0.0,0.0,0.0,0.0,0.0,0.0,0.0,0.0,0.0,0.0,0.0,0.0,0.0,0.0
2021-09-24,14250,-0.0004209640137939,0.0,0.0005612459807772,1.0,1.0,4,1,4.983055555555556,1,0.0,0.2542857142857143,0.14285714285714285,0.6071428571428571,0.0,0.2542857142857143,0.2542857142857143,0.2542857142857143,0.2820837354081366,0.0918164940701464,-0.24579643370658394,-0.31552496833292726,-0.15554182484275983,0.023801224818138896,0.11958420642883634,0.23785707911879614,-0.011258904410045584,-0.16378489865525647,-0.10590272888994878,0.13414372023833251,-0.3506169969498185,0.0171483386367814,0.11786104828602005,0.07518653236872547,-0.07051634657338435,0.017965226815143363,-0.07757633119359555,0.07312264447198351,0.09010051134902072,0.12049793107328301,-0.034269827534453956,0.1590991333370124,0.11787312551873644,0.03770994826059365,0.04010312295922521,-0.02748254484022607,0.0893577026372407,-0.06987929317360536,0.09622508921611488,0.3278661090817734,0.015649243793138288,0.3828225820473883,-0.0009227595161720086,0.14844538665042076,-0.15479400468585464,-0.22808217805082215,0.015355831196191942,-0.1789290204770992,0.07667327050813935,-0.006773907524904444,0.08713696155997241,-0.06093540245621818,0.11932656824359128
2021-09-27,14258,0.0005612459807772,1.0,0.0007711992530014,1.0,3.0,0,0,0.0,0,0.0,0.0,0.0,0.0,0.0,0.0,0.0,0.0,0.0,0.0,0.0,0.0,0.0,0.0,0.0,0.0,0.0,0.0,0.0,0.0,0.0,0.0,0.0,0.0,0.0,0.0,0.0,0.0,0.0,0.0,0.0,0.0,0.0,0.0,0.0,0.0,0.0,0.0,0.0,0.0,0.0,0.0,0.0,0.0,0.0,0.0,0.0,0.0,0.0,0.0,0.0,0.0,0.0
2021-09-28,14269,0.0007711992530014,1.0,0.0026595760357587,1.0,1.0,1,0,0.0,0,0.0,0.0,0.0,0.0,0.0,0.0,0.0,0.0,0.0,0.0,0.0,0.0,0.0,0.0,0.0,0.0,0.0,0.0,0.0,0.0,0.0,0.0,0.0,0.0,0.0,0.0,0.0,0.0,0.0,0.0,0.0,0.0,0.0,0.0,0.0,0.0,0.0,0.0,0.0,0.0,0.0,0.0,0.0,0.0,0.0,0.0,0.0,0.0,0.0,0.0,0.0,0.0,0.0
2021-09-29,14307,0.0026595760357587,1.0,0.0009780635123685,1.0,1.0,2,0,0.0,0,0.0,0.0,0.0,0.0,0.0,0.0,0.0,0.0,0.0,0.0,0.0,0.0,0.0,0.0,0.0,0.0,0.0,0.0,0.0,0.0,0.0,0.0,0.0,0.0,0.0,0.0,0.0,0.0,0.0,0.0,0.0,0.0,0.0,0.0,0.0,0.0,0.0,0.0,0.0,0.0,0.0,0.0,0.0,0.0,0.0,0.0,0.0,0.0,0.0,0.0,0.0,0.0,0.0
2021-09-30,14321,0.0009780635123685,1.0,-0.0004190529464871,0.0,1.0,3,0,0.0,0,0.0,0.0,0.0,0.0,0.0,0.0,0.0,0.0,0.0,0.0,0.0,0.0,0.0,0.0,0.0,0.0,0.0,0.0,0.0,0.0,0.0,0.0,0.0,0.0,0.0,0.0,0.0,0.0,0.0,0.0,0.0,0.0,0.0,0.0,0.0,0.0,0.0,0.0,0.0,0.0,0.0,0.0,0.0,0.0,0.0,0.0,0.0,0.0,0.0,0.0,0.0,0.0,0.0
2021-10-01,14315,-0.0004190529464871,0.0,-0.0027281329221644,0.0,1.0,4,1,21.14611111111111,1,-0.0516,-0.048408695652173914,0.30434782608695654,0.30434782608695654,-0.05159999999999999,-0.048408695652173914,-0.048408695652173914,-0.048408695652173914,0.25777852442742066,0.09317346980014257,-0.0025874051599474182,-0.16376451097372696,-0.14206553232726166,0.010545525249405708,0.056341922065679714,-0.09285328544800124,0.06630469789611527,0.21612845003240388,-0.04481484661548839,-0.2518904238342723,0.06155871294848556,-0.3587548568687724,-0.16662818012344863,-0.10737709048382091,0.01361879194464595,0.03538251306093995,0.19218290412250014,0.02681588035608459,0.3655869232143714,-0.04123094368416847,-0.2049811198766517,-0.2884005726272691,0.1251669950486019,-0.00023427805892797321,0.21745057377559907,0.03415978813321835,0.07926639558544099,0.10702493577455169,0.10568678480227478,0.20546319241193167,0.04267711285084846,0.1309904520566892,0.18095191627362217,-0.12420338147100435,0.05023099495026877,-0.011192326833159148,-0.3929876913306529,0.494657242999296,-0.03193274552984679,-0.11725494623897309,-0.024246411441952866,0.32076746187146,0.27056489474822204
2021-10-04,14276,-0.0027281329221644,0.0,-0.001121390641764,0.0,3.0,0,0,0.0,0,0.0,0.0,0.0,0.0,0.0,0.0,0.0,0.0,0.0,0.0,0.0,0.0,0.0,0.0,0.0,0.0,0.0,0.0,0.0,0.0,0.0,0.0,0.0,0.0,0.0,0.0,0.0,0.0,0.0,0.0,0.0,0.0,0.0,0.0,0.0,0.0,0.0,0.0,0.0,0.0,0.0,0.0,0.0,0.0,0.0,0.0,0.0,0.0,0.0,0.0,0.0,0.0,0.0
2021-10-05,14260,-0.001121390641764,0.0,-0.0010524470362782,0.0,1.0,1,1,1.5430555555555556,1,0.0,-0.023882352941176473,0.35294117647058826,0.3235294117647059,0.0,-0.023882352941176473,-0.023882352941176473,-0.023882352941176473,0.2818792818343336,-0.059972701904775376,-0.14723348547475232,-0.11013665496068831,-0.06872500405747069,0.05524353764520153,0.07043403641315386,-0.15333990515023216,-0.013086842559581091,0.048043906864440135,-0.10058992164974741,-0.26676281127777757,0.026413356489545344,0.27043006105927153,-0.2687575516563179,0.15818131095405505,-0.025616687265034223,0.01670015587665576,-0.09000442229664887,-0.2220392943924696,0.3371800312412517,0.17141626955933217,0.048629820131193505,-0.02787914712014847,-0.11249343876042898,-0.07015080042273018,-0.25657242694177346,0.32304329612798494,0.09980892875999835,-0.04074888959970697,0.09718090244657313,0.04077932744798952,0.18469874826495306,-0.13152151656586947,-0.07331929933771496,-0.039766634291267394,0.055021526076128854,-0.09970836782348845,-0.14113917142532087,-0.18399120928763152,0.17576030510634094,0.23177433508523906,-0.2300080710381977,-0.0876166180840591,-0.09194739568221141
2021-10-06,14245,-0.0010524470362782,0.0,-0.0004915212681901,0.0,1.0,2,0,0.0,0,0.0,0.0,0.0,0.0,0.0,0.0,0.0,0.0,0.0,0.0,0.0,0.0,0.0,0.0,0.0,0.0,0.0,0.0,0.0,0.0,0.0,0.0,0.0,0.0,0.0,0.0,0.0,0.0,0.0,0.0,0.0,0.0,0.0,0.0,0.0,0.0,0.0,0.0,0.0,0.0,0.0,0.0,0.0,0.0,0.0,0.0,0.0,0.0,0.0,0.0,0.0,0.0,0.0
2021-10-07,14238,-0.0004915212681901,0.0,-0.0009134666692869,0.0,1.0,3,1,19.12472222222222,1,-0.1027,0.18055106382978725,0.14893617021276595,0.4574468085106383,-0.1027,0.18055106382978725,0.18055106382978725,0.18055106382978725,0.41778405206786345,0.2456415070739938,0.12431554526531051,-0.1613688036948931,0.1341899381674011,-0.1417336198904196,-0.15723520650263123,-0.09937827759508873,-0.1279970767171273,0.08264604461436394,-0.08116595345498011,0.1042502704209533,0.037902977941148344,-0.0550112418402444,-0.009308578407921316,0.09360376426619119,0.07656202524711199,0.04469777019441202,0.10065188132611488,-0.09972623849172965,-0.0758295746371104,0.08024724799101839,0.1219424509452895,0.023723043724029388,0.09588329264602033,0.09006104833347063,0.03241075494284949,0.06821594858341436,0.11510563658232442,0.14165773357459763,0.08921002589582155,-0.02145341955343308,0.0793675067687421,0.04733966920478489,0.25091537804508635,-0.66751447532815,-0.18131071931469186,-0.2767699857449717,0.07594156575065035,0.03185922300181426,-0.2226088080678755,0.09225818180720413,0.009575654658850699,0.16776048369852284,-0.06348921781000279
2021-10-08,14225,-0.0009134666692869,0.0,-0.0010550379033853,0.0,1.0,4,0,0.0,0,0.0,0.0,0.0,0.0,0.0,0.0,0.0,0.0,0.0,0.0,0.0,0.0,0.0,0.0,0.0,0.0,0.0,0.0,0.0,0.0,0.0,0.0,0.0,0.0,0.0,0.0,0.0,0.0,0.0,0.0,0.0,0.0,0.0,0.0,0.0,0.0,0.0,0.0,0.0,0.0,0.0,0.0,0.0,0.0,0.0,0.0,0.0,0.0,0.0,0.0,0.0,0.0,0.0
2021-10-11,14210,-0.0010550379033853,0.0,0.0004924895445515,1.0,3.0,0,1,3.685,1,-0.2023,-0.023400000000000008,0.3076923076923077,0.34615384615384615,-0.2023,-0.023400000000000008,-0.023400000000000008,-0.023400000000000008,0.3009009996066151,-0.09083352017920514,0.10201668982695593,-0.05879038124802448,-0.202234262515306,0.04860071767519048,-0.12702334752549188,0.05205538951719342,0.5416755465130906,0.19158011122691837,0.31007456007452544,0.06373337969420685,0.10851495538677479,0.0461783688257646,0.018802486023665795,0.18030421181411638,-0.01835592983524254,-0.14733136079080802,0.07306735185597796,0.04870255470590567,0.0047460860376951335,-0.08822585262248306,0.05986267319170602,0.019630481237353115,0.0439204559242773,-0.06959454289220082,-0.1176247492288874,-0.03802627826320271,0.03164238946136593,0.06183271838237899,0.26341676102113165,-0.08357575482180794,0.043793147355227977,0.09393666803802722,-0.06932529758568086,-0.05428161526277084,0.24675687435762955,0.06330905266718961,0.17707111990421404,0.008732060807091942,0.17658296753383196,-0.038608224156939985,0.10761906140483983,0.2685152593891644,-0.13123125922322632
2021-10-12,14217,0.0004924895445515,1.0,0.0002813137369983,1.0,1.0,1,0,0.0,0,0.0,0.0,0.0,0.0,0.0,0.0,0.0,0.0,0.0,0.0,0.0,0.0,0.0,0.0,0.0,0.0,0.0,0.0,0.0,0.0,0.0,0.0,0.0,0.0,0.0,0.0,0.0,0.0,0.0,0.0,0.0,0.0,0.0,0.0,0.0,0.0,0.0,0.0,0.0,0.0,0.0,0.0,0.0,0.0,0.0,0.0,0.0,0.0,0.0,0.0,0.0,0.0,0.0
2021-10-13,14221,0.0002813137369983,1.0,-0.0046518268266962,0.0,1.0,2,0,0.0,0,0.0,0.0,0.0,0.0,0.0,0.0,0.0,0.0,0.0,0.0,0.0,0.0,0.0,0.0,0.0,0.0,0.0,0.0,0.0,0.0,0.0,0.0,0.0,0.0,0.0,0.0,0.0,0.0,0.0,0.0,0.0,0.0,0.0,0.0,0.0,0.0,0.0,0.0,0.0,0.0,0.0,0.0,0.0,0.0,0.0,0.0,0.0,0.0,0.0,0.0,0.0,0.0,0.0
2021-10-14,14155,-0.0046518268266962,0.0,-0.0050285172710568,0.0,1.0,3,1,0.7016666666666667,1,0.3182,0.19642790697674417,0.23255813953488372,0.5813953488372093,0.3182,0.19642790697674417,0.19642790697674417,0.19642790697674417,0.37480330773375203,-0.07352500649029033,0.03559232415291783,-0.04283210033744263,-0.23364555689091893,0.001742890743607323,-0.14381913799774387,-0.032169708932120684,0.5046629454231472,0.19621209720429703,0.2254718750376353,0.05509260300072581,0.08222939640300114,-0.02422166170685107,0.004413559397821358,0.16214644123359606,-0.0389140002219476,-0.12681675255846467,0.07950236275462302,-0.0036921782396227734,-0.0506575470396877,-0.07037301380661552,0.014600397301881951,0.06972199096231183,-0.05169306993087364,-0.0862895837697764,-0.03631426315772018,0.056529926084492796,0.01444050360419923,-0.0076488984690806245,0.14431108651290334,-0.011511848577838261,0.035061458787125806,0.09013933777419032,-0.10041260659462378,-0.04673645858501987,0.29636138754192515,0.04529141058634984,0.15230834264634677,0.10173781348372879,-0.030488338379580933,-0.0765043729894486,-0.0355639821411982,0.0032221247648264034,-0.06407993227681517
2021-10-15,14084,-0.0050285172710568,0.0,0.0008516679010175,1.0,1.0,4,0,0.0,0,0.0,0.0,0.0,0.0,0.0,0.0,0.0,0.0,0.0,0.0,0.0,0.0,0.0,0.0,0.0,0.0,0.0,0.0,0.0,0.0,0.0,0.0,0.0,0.0,0.0,0.0,0.0,0.0,0.0,0.0,0.0,0.0,0.0,0.0,0.0,0.0,0.0,0.0,0.0,0.0,0.0,0.0,0.0,0.0,0.0,0.0,0.0,0.0,0.0,0.0,0.0,0.0,0.0
2021-10-18,14096,0.0008516679010175,1.0,-0.0011357184639273,0.0,3.0,0,1,3.2044444444444444,1,0.0,0.09341379310344827,0.3103448275862069,0.4482758620689655,0.0,0.09341379310344827,0.09341379310344827,0.09341379310344827,0.3003516200871493,-0.1639817517919055,-0.09640243666875953,0.17818454400210254,-0.3728381699835658,-0.0974227767522016,-0.06147157557363634,0.12186798370620949,-0.16320948777729752,0.1792739410510926,-0.000820925861499827,0.16383364398875772,-0.02568570020239462,0.12045992447832829,-0.1900434601193618,-0.21904274723908965,0.048346677518942414,-0.1280491218665729,0.015533539773015788,0.07420344412414769,-0.1413279504298658,-0.09055153677235095,0.04643923384502388,0.1042713614064538,-0.003424144842142382,0.1082008337365634,0.021318172747471862,0.03631728984154617,-0.10084837747233982,-0.14940070167070532,0.13151959071809805,0.11467563099641812,-0.1761815897350243,0.09737391315891669,-0.43914788160390744,-0.17375620578243628,-0.11088482540931524,0.2944976871522958,-0.3169808992360893,0.011348369525556267,-0.07499599634044737,0.35661938526312387,0.06701771755483178,0.04329497252785015,-0.20961647976318826
2021-10-19,14080,-0.0011357184639273,0.0,0.0037571376561173,1.0,1.0,1,0,0.0,0,0.0,0.0,0.0,0.0,0.0,0.0,0.0,0.0,0.0,0.0,0.0,0.0,0.0,0.0,0.0,0.0,0.0,0.0,0.0,0.0,0.0,0.0,0.0,0.0,0.0,0.0,0.0,0.0,0.0,0.0,0.0,0.0,0.0,0.0,0.0,0.0,0.0,0.0,0.0,0.0,0.0,0.0,0.0,0.0,0.0,0.0,0.0,0.0,0.0,0.0,0.0,0.0,0.0
2021-10-21,14133,0.0037571376561173,1.0,0.0020498328435684,1.0,2.0,3,0,0.0,0,0.0,0.0,0.0,0.0,0.0,0.0,0.0,0.0,0.0,0.0,0.0,0.0,0.0,0.0,0.0,0.0,0.0,0.0,0.0,0.0,0.0,0.0,0.0,0.0,0.0,0.0,0.0,0.0,0.0,0.0,0.0,0.0,0.0,0.0,0.0,0.0,0.0,0.0,0.0,0.0,0.0,0.0,0.0,0.0,0.0,0.0,0.0,0.0,0.0,0.0,0.0,0.0,0.0
2021-10-22,14162,0.0020498328435684,1.0,0.0014817430828883,1.0,1.0,4,0,0.0,0,0.0,0.0,0.0,0.0,0.0,0.0,0.0,0.0,0.0,0.0,0.0,0.0,0.0,0.0,0.0,0.0,0.0,0.0,0.0,0.0,0.0,0.0,0.0,0.0,0.0,0.0,0.0,0.0,0.0,0.0,0.0,0.0,0.0,0.0,0.0,0.0,0.0,0.0,0.0,0.0,0.0,0.0,0.0,0.0,0.0,0.0,0.0,0.0,0.0,0.0,0.0,0.0,0.0
2021-10-25,14183,0.0014817430828883,1.0,-0.0012699310299906,0.0,3.0,0,1,7.937777777777778,1,0.0,0.04504920634920635,0.1746031746031746,0.2698412698412698,0.0,0.04504920634920635,0.04504920634920635,0.04504920634920635,0.34882671024217254,0.5824314807986111,-0.19961920420867432,0.2893290529410117,0.08452578220063815,0.04895963956359595,-0.05803830615393461,0.09226824194999207,0.03996955565760131,-0.035309502117928576,0.08591723725275763,-0.03746302721286631,0.012404647202668387,-0.045368760777191895,0.01374903618111856,-0.025144625405792476,-0.007706955221702562,-0.03630858458767361,-0.03473065176510667,-0.028149639679644813,0.048969765716065705,-0.0012382465182819017,-0.014250840677393786,-0.029888391903406863,0.03384545208161554,-0.001419734411549549,0.0011359348937603146,0.04465230472354649,0.04047881176312429,-0.08331886186208702,0.1346032302199184,0.22065642524114357,0.1858926263314279,-0.27583148493555876,-0.021212979313610273,0.01907239349506505,0.0035729857743503016,0.10489196550885437,0.017423886138188648,-0.2161788664383388,-0.16316520021495456,-0.051700312733873065,0.08559267454274916,0.21762720271090466,0.23735550232058705
2021-10-26,14165,-0.0012699310299906,0.0,0.0013404354894268,1.0,1.0,1,0,0.0,0,0.0,0.0,0.0,0.0,0.0,0.0,0.0,0.0,0.0,0.0,0.0,0.0,0.0,0.0,0.0,0.0,0.0,0.0,0.0,0.0,0.0,0.0,0.0,0.0,0.0,0.0,0.0,0.0,0.0,0.0,0.0,0.0,0.0,0.0,0.0,0.0,0.0,0.0,0.0,0.0,0.0,0.0,0.0,0.0,0.0,0.0,0.0,0.0,0.0,0.0,0.0,0.0,0.0
2021-10-27,14184,0.0013404354894268,1.0,0.0010569708203138,1.0,1.0,2,0,0.0,0,0.0,0.0,0.0,0.0,0.0,0.0,0.0,0.0,0.0,0.0,0.0,0.0,0.0,0.0,0.0,0.0,0.0,0.0,0.0,0.0,0.0,0.0,0.0,0.0,0.0,0.0,0.0,0.0,0.0,0.0,0.0,0.0,0.0,0.0,0.0,0.0,0.0,0.0,0.0,0.0,0.0,0.0,0.0,0.0,0.0,0.0,0.0,0.0,0.0,0.0,0.0,0.0,0.0
2021-10-28,14199,0.0010569708203138,1.0,-0.0019739167494872,0.0,1.0,3,0,0.0,0,0.0,0.0,0.0,0.0,0.0,0.0,0.0,0.0,0.0,0.0,0.0,0.0,0.0,0.0,0.0,0.0,0.0,0.0,0.0,0.0,0.0,0.0,0.0,0.0,0.0,0.0,0.0,0.0,0.0,0.0,0.0,0.0,0.0,0.0,0.0,0.0,0.0,0.0,0.0,0.0,0.0,0.0,0.0,0.0,0.0,0.0,0.0,0.0,0.0,0.0,0.0,0.0,0.0
2021-10-29,14171,-0.0019739167494872,0.0,0.0045060978872675,1.0,1.0,4,0,0.0,0,0.0,0.0,0.0,0.0,0.0,0.0,0.0,0.0,0.0,0.0,0.0,0.0,0.0,0.0,0.0,0.0,0.0,0.0,0.0,0.0,0.0,0.0,0.0,0.0,0.0,0.0,0.0,0.0,0.0,0.0,0.0,0.0,0.0,0.0,0.0,0.0,0.0,0.0,0.0,0.0,0.0,0.0,0.0,0.0,0.0,0.0,0.0,0.0,0.0,0.0,0.0,0.0,0.0
2021-11-01,14235,0.0045060978872675,1.0,0.0018248180246291,1.0,3.0,0,1,66.77416666666667,1,-0.6542,0.020852054794520552,0.3287671232876712,0.3698630136986301,-0.6542,0.020852054794520552,0.020852054794520552,0.020852054794520552,0.4002026504696277,0.311117344861092,-0.038492124372796435,0.18938602487115933,-0.015110243791771099,0.17193534509905686,0.04738934400729951,-0.21086333227110152,-0.01445382220235259,-0.011883887917181788,-0.09712281258731084,0.15325884985041,0.010059019634752753,-0.03096764856090475,0.00233061462430131,0.07864778542520513,-0.07859039783511165,-0.014939019338528309,-0.05326721734364976,-0.07399104326732156,-0.09438386211250643,0.08140189418119029,0.011567112414459449,-0.02372357726347664,0.0640972820557729,-0.04376277590719663,0.0569141628817459,-0.00027373572373768723,-0.00261968520907239,0.15326064787890523,0.1350890715583113,0.17153425966181032,0.10215666440235392,-0.1950141899818485,0.11953509418766178,0.0001634419826403318,0.024509602938169988,0.12630105844473102,-0.10279060447792743,0.1676703133185451,-0.10735869135997139,-0.14063679926278194,0.057641665753723675,-0.22983084237904305,-0.2828645698603549
2021-11-02,14261,0.0018248180246291,1.0,0.0028009261361683,1.0,1.0,1,0,0.0,0,0.0,0.0,0.0,0.0,0.0,0.0,0.0,0.0,0.0,0.0,0.0,0.0,0.0,0.0,0.0,0.0,0.0,0.0,0.0,0.0,0.0,0.0,0.0,0.0,0.0,0.0,0.0,0.0,0.0,0.0,0.0,0.0,0.0,0.0,0.0,0.0,0.0,0.0,0.0,0.0,0.0,0.0,0.0,0.0,0.0,0.0,0.0,0.0,0.0,0.0,0.0,0.0,0.0
2021-11-03,14301,0.0028009261361683,1.0,0.0018164040204368,1.0,1.0,2,1,22.980833333333333,1,-0.891,-0.05525094339622642,0.39622641509433965,0.32075471698113206,-0.8909999999999999,-0.05525094339622642,-0.05525094339622642,-0.05525094339622642,0.2841205205404852,-0.02953845521754874,-0.01787491513669481,0.013393275352528846,-0.12398920956988523,-0.07493036536438924,0.026376690553853624,-0.06425409459415425,0.10686610677453175,-0.003317193732552466,-0.21997387349458986,-0.05630904258787051,-0.4268237716565678,0.2708111240687042,0.03116826864757851,0.06905268139602065,0.14699244672118866,0.19003276510004855,0.21738815125344302,0.12846777912145535,-0.036214973983011226,-0.14845107251428158,0.04606755629028283,-0.06740566904411407,-0.03170703465450672,-0.08222552201354126,0.1729456371040103,0.0547579337576009,0.16677448505197337,0.30502388603345826,0.01302741868924461,0.05664904197459842,0.013052969749274187,0.04971120690127063,0.08247105526484327,-0.05649258706624541,0.0231396904149961,-0.005538343028380836,-0.26695165944460103,0.35415260194914067,-0.03503551544208006,-0.0991037709225764,-0.02164531783698622,0.326275962024927,0.2626411032227961
2021-11-04,14327,0.0018164040204368,1.0,0.0032751501350157,1.0,1.0,3,0,0.0,0,0.0,0.0,0.0,0.0,0.0,0.0,0.0,0.0,0.0,0.0,0.0,0.0,0.0,0.0,0.0,0.0,0.0,0.0,0.0,0.0,0.0,0.0,0.0,0.0,0.0,0.0,0.0,0.0,0.0,0.0,0.0,0.0,0.0,0.0,0.0,0.0,0.0,0.0,0.0,0.0,0.0,0.0,0.0,0.0,0.0,0.0,0.0,0.0,0.0,0.0,0.0,0.0,0.0
2021-11-05,14374,0.0032751501350157,1.0,-0.0074017515496057,0.0,1.0,4,0,0.0,0,0.0,0.0,0.0,0.0,0.0,0.0,0.0,0.0,0.0,0.0,0.0,0.0,0.0,0.0,0.0,0.0,0.0,0.0,0.0,0.0,0.0,0.0,0.0,0.0,0.0,0.0,0.0,0.0,0.0,0.0,0.0,0.0,0.0,0.0,0.0,0.0,0.0,0.0,0.0,0.0,0.0,0.0,0.0,0.0,0.0,0.0,0.0,0.0,0.0,0.0,0.0,0.0,0.0
2021-11-08,14268,-0.0074017515496057,0.0,-0.0024560554081568,0.0,3.0,0,1,43.99944444444444,1,0.2023,0.15050444444444444,0.08888888888888889,0.4222222222222222,0.20230000000000004,0.15050444444444444,0.15050444444444444,0.15050444444444444,0.28676953748162914,0.38007558244847633,-0.11776531288843936,0.3083185986004351,0.020431012585294926,0.22597573042732003,0.07749109303631871,-0.03140529696299928,0.05011129023699426,-0.053919467224866124,0.053695239384291965,-0.05366246814348273,-0.04089219128761579,-0.04035270377348794,0.018304917566280696,-0.01760176911405055,0.01435793287578318,0.0519605826850207,-0.13743490348595916,-0.004743895225884251,0.039414285435167014,-0.06246594581128504,0.22249688051059646,0.10603281320746478,0.043682290002821235,-0.017714147415451405,0.0807119845132146,-0.15313564485644196,-0.06607963424271807,0.1490965518942513,0.06758095865001076,0.030116813386065085,-0.04762054513821623,-0.02768391679478634,0.1657193989555534,-0.2197226522176785,-0.018653382316975588,-0.0024126955595716437,0.027616351495539683,-0.10875709533070942,-0.19918768167450973,-0.06665611423158355,0.33153396617860165,-0.16749449532748661,-0.09908714352108193
2021-11-09,14233,-0.0024560554081568,0.0,0.0014041987844057,1.0,1.0,1,0,0.0,0,0.0,0.0,0.0,0.0,0.0,0.0,0.0,0.0,0.0,0.0,0.0,0.0,0.0,0.0,0.0,0.0,0.0,0.0,0.0,0.0,0.0,0.0,0.0,0.0,0.0,0.0,0.0,0.0,0.0,0.0,0.0,0.0,0.0,0.0,0.0,0.0,0.0,0.0,0.0,0.0,0.0,0.0,0.0,0.0,0.0,0.0,0.0,0.0,0.0,0.0,0.0,0.0,0.0
2021-11-10,14253,0.0014041987844057,1.0,0.0024526132612492,1.0,1.0,2,0,0.0,0,0.0,0.0,0.0,0.0,0.0,0.0,0.0,0.0,0.0,0.0,0.0,0.0,0.0,0.0,0.0,0.0,0.0,0.0,0.0,0.0,0.0,0.0,0.0,0.0,0.0,0.0,0.0,0.0,0.0,0.0,0.0,0.0,0.0,0.0,0.0,0.0,0.0,0.0,0.0,0.0,0.0,0.0,0.0,0.0,0.0,0.0,0.0,0.0,0.0,0.0,0.0,0.0,0.0
2021-11-11,14288,0.0024526132612492,1.0,-0.003154466181694,0.0,1.0,3,0,0.0,0,0.0,0.0,0.0,0.0,0.0,0.0,0.0,0.0,0.0,0.0,0.0,0.0,0.0,0.0,0.0,0.0,0.0,0.0,0.0,0.0,0.0,0.0,0.0,0.0,0.0,0.0,0.0,0.0,0.0,0.0,0.0,0.0,0.0,0.0,0.0,0.0,0.0,0.0,0.0,0.0,0.0,0.0,0.0,0.0,0.0,0.0,0.0,0.0,0.0,0.0,0.0,0.0,0.0
2021-11-12,14243,-0.003154466181694,0.0,-0.0026011473768308,0.0,1.0,4,1,2.5077777777777777,1,0.1531,-0.014073684210526311,0.2894736842105263,0.2631578947368421,0.1531,-0.014073684210526311,-0.014073684210526311,-0.014073684210526311,0.2817906063825698,0.05317174096053764,-0.22636876453600185,-0.0879035837732756,0.20538848890756123,0.09021378846965582,0.26745571575225163,-0.10914114750990571,-0.06728120562949057,0.2080598620109311,-0.047436147793155116,0.21429513634066366,0.049932973430847204,-0.06008518653143897,0.05106613768132909,-0.01612875357436011,-0.1450188347274159,-0.17925875093481025,0.0794072804028072,0.039369668471462164,0.056361404527319095,-0.13055942283046437,-0.01275253321808258,-0.057213906657303075,-0.3069855349591835,0.15036236220699467,-0.036127467543847644,-0.03817012975022156,-0.034171386707265446,0.2438707285250936,0.03714091644575405,-0.03480534603973287,0.0009985386348245818,0.011973695851647504,-0.02205011519600347,0.026353021676507826,-0.025063024983616008,-0.008481697712641711,0.12577384682870973,0.04722584021223259,-0.0114970613194934,-0.04851415388635881,-0.007977936929065892,0.016731331709904474,0.18999794706582143
2021-11-15,14206,-0.0026011473768308,0.0,0.0003519020341062,1.0,3.0,0,0,0.0,0,0.0,0.0,0.0,0.0,0.0,0.0,0.0,0.0,0.0,0.0,0.0,0.0,0.0,0.0,0.0,0.0,0.0,0.0,0.0,0.0,0.0,0.0,0.0,0.0,0.0,0.0,0.0,0.0,0.0,0.0,0.0,0.0,0.0,0.0,0.0,0.0,0.0,0.0,0.0,0.0,0.0,0.0,0.0,0.0,0.0,0.0,0.0,0.0,0.0,0.0,0.0,0.0,0.0
2021-11-16,14211,0.0003519020341062,1.0,0.0033719736902576,1.0,1.0,1,0,0.0,0,0.0,0.0,0.0,0.0,0.0,0.0,0.0,0.0,0.0,0.0,0.0,0.0,0.0,0.0,0.0,0.0,0.0,0.0,0.0,0.0,0.0,0.0,0.0,0.0,0.0,0.0,0.0,0.0,0.0,0.0,0.0,0.0,0.0,0.0,0.0,0.0,0.0,0.0,0.0,0.0,0.0,0.0,0.0,0.0,0.0,0.0,0.0,0.0,0.0,0.0,0.0,0.0,0.0
2021-11-17,14259,0.0033719736902576,1.0,-0.0019656025984591,0.0,1.0,2,0,0.0,0,0.0,0.0,0.0,0.0,0.0,0.0,0.0,0.0,0.0,0.0,0.0,0.0,0.0,0.0,0.0,0.0,0.0,0.0,0.0,0.0,0.0,0.0,0.0,0.0,0.0,0.0,0.0,0.0,0.0,0.0,0.0,0.0,0.0,0.0,0.0,0.0,0.0,0.0,0.0,0.0,0.0,0.0,0.0,0.0,0.0,0.0,0.0,0.0,0.0,0.0,0.0,0.0,0.0
2021-11-18,14231,-0.0019656025984591,0.0,0.0004215259300859,1.0,1.0,3,0,0.0,0,0.0,0.0,0.0,0.0,0.0,0.0,0.0,0.0,0.0,0.0,0.0,0.0,0.0,0.0,0.0,0.0,0.0,0.0,0.0,0.0,0.0,0.0,0.0,0.0,0.0,0.0,0.0,0.0,0.0,0.0,0.0,0.0,0.0,0.0,0.0,0.0,0.0,0.0,0.0,0.0,0.0,0.0,0.0,0.0,0.0,0.0,0.0,0.0,0.0,0.0,0.0,0.0,0.0
2021-11-19,14237,0.0004215259300859,1.0,0.0012635127330265,1.0,1.0,4,0,0.0,0,0.0,0.0,0.0,0.0,0.0,0.0,0.0,0.0,0.0,0.0,0.0,0.0,0.0,0.0,0.0,0.0,0.0,0.0,0.0,0.0,0.0,0.0,0.0,0.0,0.0,0.0,0.0,0.0,0.0,0.0,0.0,0.0,0.0,0.0,0.0,0.0,0.0,0.0,0.0,0.0,0.0,0.0,0.0,0.0,0.0,0.0,0.0,0.0,0.0,0.0,0.0,0.0,0.0
2021-11-22,14255,0.0012635127330265,1.0,0.0011918534730182,1.0,3.0,0,0,0.0,0,0.0,0.0,0.0,0.0,0.0,0.0,0.0,0.0,0.0,0.0,0.0,0.0,0.0,0.0,0.0,0.0,0.0,0.0,0.0,0.0,0.0,0.0,0.0,0.0,0.0,0.0,0.0,0.0,0.0,0.0,0.0,0.0,0.0,0.0,0.0,0.0,0.0,0.0,0.0,0.0,0.0,0.0,0.0,0.0,0.0,0.0,0.0,0.0,0.0,0.0,0.0,0.0,0.0
2021-11-23,14272,0.0011918534730182,1.0,0.0,0.0,1.0,1,0,0.0,0,0.0,0.0,0.0,0.0,0.0,0.0,0.0,0.0,0.0,0.0,0.0,0.0,0.0,0.0,0.0,0.0,0.0,0.0,0.0,0.0,0.0,0.0,0.0,0.0,0.0,0.0,0.0,0.0,0.0,0.0,0.0,0.0,0.0,0.0,0.0,0.0,0.0,0.0,0.0,0.0,0.0,0.0,0.0,0.0,0.0,0.0,0.0,0.0,0.0,0.0,0.0,0.0,0.0
2021-11-24,14272,0.0,0.0,0.0005603810737846,1.0,1.0,2,0,0.0,0,0.0,0.0,0.0,0.0,0.0,0.0,0.0,0.0,0.0,0.0,0.0,0.0,0.0,0.0,0.0,0.0,0.0,0.0,0.0,0.0,0.0,0.0,0.0,0.0,0.0,0.0,0.0,0.0,0.0,0.0,0.0,0.0,0.0,0.0,0.0,0.0,0.0,0.0,0.0,0.0,0.0,0.0,0.0,0.0,0.0,0.0,0.0,0.0,0.0,0.0,0.0,0.0,0.0
2021-11-25,14280,0.0005603810737846,1.0,0.0,0.0,1.0,3,0,0.0,0,0.0,0.0,0.0,0.0,0.0,0.0,0.0,0.0,0.0,0.0,0.0,0.0,0.0,0.0,0.0,0.0,0.0,0.0,0.0,0.0,0.0,0.0,0.0,0.0,0.0,0.0,0.0,0.0,0.0,0.0,0.0,0.0,0.0,0.0,0.0,0.0,0.0,0.0,0.0,0.0,0.0,0.0,0.0,0.0,0.0,0.0,0.0,0.0,0.0,0.0,0.0,0.0,0.0
2021-11-26,14280,0.0,0.0,0.0041928782600359,1.0,1.0,4,1,2.6133333333333333,1,0.2263,0.17177727272727272,0.13636363636363635,0.5454545454545454,0.2263,0.17177727272727272,0.17177727272727272,0.17177727272727272,0.3007733109295294,0.07289421296672197,0.12523122348848717,-0.28631570278459767,-0.016402298258063636,0.23515404421132463,0.05675857437545388,0.2795741359258102,0.021663119218907192,0.04794064134794391,-0.013634167446671753,0.09044965909558428,-0.03656290187221628,-0.06494138532836508,0.06123545327444311,-0.1099813828423482,0.015892259668128142,-0.2200021355579214,-0.08153490892955845,0.020396789837009797,0.16594972755770865,0.08535600783572175,0.033413219889078215,-0.010332741717734118,-0.20750319487264485,0.0713923494206912,0.021577206474936893,-0.2544630529242089,-0.07932734364980244,0.16959505234814112,0.1468111199703547,0.1101925777364764,0.030272514489736006,0.19812225271635742,0.4598118238388318,-0.0195483973419084,-0.006206847925909302,0.21605694994291033,-0.15439060024110635,0.03806322976523729,-0.04671978340460449,0.2834060835222648,-0.07318711567027333,-0.19556737120577364,0.23181436995044272
2021-11-29,14340,0.0041928782600359,1.0,-0.0013956736389746,0.0,3.0,0,0,0.0,0,0.0,0.0,0.0,0.0,0.0,0.0,0.0,0.0,0.0,0.0,0.0,0.0,0.0,0.0,0.0,0.0,0.0,0.0,0.0,0.0,0.0,0.0,0.0,0.0,0.0,0.0,0.0,0.0,0.0,0.0,0.0,0.0,0.0,0.0,0.0,0.0,0.0,0.0,0.0,0.0,0.0,0.0,0.0,0.0,0.0,0.0,0.0,0.0,0.0,0.0,0.0,0.0,0.0
2021-11-30,14320,-0.0013956736389746,0.0,0.0023018180567437,1.0,1.0,1,0,0.0,0,0.0,0.0,0.0,0.0,0.0,0.0,0.0,0.0,0.0,0.0,0.0,0.0,0.0,0.0,0.0,0.0,0.0,0.0,0.0,0.0,0.0,0.0,0.0,0.0,0.0,0.0,0.0,0.0,0.0,0.0,0.0,0.0,0.0,0.0,0.0,0.0,0.0,0.0,0.0,0.0,0.0,0.0,0.0,0.0,0.0,0.0,0.0,0.0,0.0,0.0,0.0,0.0,0.0
2021-12-01,14353,0.0023018180567437,1.0,0.0017402809724365,1.0,1.0,2,0,0.0,0,0.0,0.0,0.0,0.0,0.0,0.0,0.0,0.0,0.0,0.0,0.0,0.0,0.0,0.0,0.0,0.0,0.0,0.0,0.0,0.0,0.0,0.0,0.0,0.0,0.0,0.0,0.0,0.0,0.0,0.0,0.0,0.0,0.0,0.0,0.0,0.0,0.0,0.0,0.0,0.0,0.0,0.0,0.0,0.0,0.0,0.0,0.0,0.0,0.0,0.0,0.0,0.0,0.0
2021-12-02,14378,0.0017402809724365,1.0,0.002084347311975,1.0,1.0,3,0,0.0,0,0.0,0.0,0.0,0.0,0.0,0.0,0.0,0.0,0.0,0.0,0.0,0.0,0.0,0.0,0.0,0.0,0.0,0.0,0.0,0.0,0.0,0.0,0.0,0.0,0.0,0.0,0.0,0.0,0.0,0.0,0.0,0.0,0.0,0.0,0.0,0.0,0.0,0.0,0.0,0.0,0.0,0.0,0.0,0.0,0.0,0.0,0.0,0.0,0.0,0.0,0.0,0.0,0.0
2021-12-03,14408,0.002084347311975,1.0,0.0022877752707732,1.0,1.0,4,0,0.0,0,0.0,0.0,0.0,0.0,0.0,0.0,0.0,0.0,0.0,0.0,0.0,0.0,0.0,0.0,0.0,0.0,0.0,0.0,0.0,0.0,0.0,0.0,0.0,0.0,0.0,0.0,0.0,0.0,0.0,0.0,0.0,0.0,0.0,0.0,0.0,0.0,0.0,0.0,0.0,0.0,0.0,0.0,0.0,0.0,0.0,0.0,0.0,0.0,0.0,0.0,0.0,0.0,0.0
2021-12-06,14441,0.0022877752707732,1.0,-0.0022877752707731,0.0,3.0,0,0,0.0,0,0.0,0.0,0.0,0.0,0.0,0.0,0.0,0.0,0.0,0.0,0.0,0.0,0.0,0.0,0.0,0.0,0.0,0.0,0.0,0.0,0.0,0.0,0.0,0.0,0.0,0.0,0.0,0.0,0.0,0.0,0.0,0.0,0.0,0.0,0.0,0.0,0.0,0.0,0.0,0.0,0.0,0.0,0.0,0.0,0.0,0.0,0.0,0.0,0.0,0.0,0.0,0.0,0.0
2021-12-07,14408,-0.0022877752707731,0.0,-0.0041730482036188,0.0,1.0,1,0,0.0,0,0.0,0.0,0.0,0.0,0.0,0.0,0.0,0.0,0.0,0.0,0.0,0.0,0.0,0.0,0.0,0.0,0.0,0.0,0.0,0.0,0.0,0.0,0.0,0.0,0.0,0.0,0.0,0.0,0.0,0.0,0.0,0.0,0.0,0.0,0.0,0.0,0.0,0.0,0.0,0.0,0.0,0.0,0.0,0.0,0.0,0.0,0.0,0.0,0.0,0.0,0.0,0.0,0.0
2021-12-08,14348,-0.0041730482036188,0.0,0.0002090665187586,1.0,1.0,2,0,0.0,0,0.0,0.0,0.0,0.0,0.0,0.0,0.0,0.0,0.0,0.0,0.0,0.0,0.0,0.0,0.0,0.0,0.0,0.0,0.0,0.0,0.0,0.0,0.0,0.0,0.0,0.0,0.0,0.0,0.0,0.0,0.0,0.0,0.0,0.0,0.0,0.0,0.0,0.0,0.0,0.0,0.0,0.0,0.0,0.0,0.0,0.0,0.0,0.0,0.0,0.0,0.0,0.0,0.0
2021-12-09,14351,0.0002090665187586,1.0,0.001879634372885,1.0,1.0,3,1,23.45611111111111,1,0.0,0.0508529411764706,0.35294117647058826,0.4117647058823529,0.0,0.0508529411764706,0.0508529411764706,0.0508529411764706,0.22937303780136592,-0.05520924727926146,-0.12387839049790549,-0.04458088581163417,-0.14138365227054728,0.08771121282778047,-0.05954231619598686,0.10841336794707751,-0.028309143697232704,0.029344595588001395,0.13671939130067548,0.37622442190206323,0.20796914792326757,-0.08640550732840621,-0.2545195242375816,-0.25079016610811916,-0.0320200217613501,0.344587873116521,0.09541633997076912,0.29899991926214586,-0.023700094233388157,0.24878523049122023,0.1124405575804597,-0.15188353450305428,-0.019863800658187016,-0.09041795805002042,0.07123176514207274,0.009846780881885052,0.24022614769442374,-0.02138124501808705,0.0396011918263411,0.04689412059779188,0.014172308364348872,-0.011824252092485278,0.1588556991886755,0.03926452974590457,-0.10076389291592483,0.35835502659398155,-0.02022261070651235,-0.35621969933221465,-0.17237266925875755,-0.19317961289354094,-0.36082995128076367,0.3429599291802222,-0.02428766170256752
2021-12-10,14378,0.001879634372885,1.0,-0.002228102857437,0.0,1.0,4,0,0.0,0,0.0,0.0,0.0,0.0,0.0,0.0,0.0,0.0,0.0,0.0,0.0,0.0,0.0,0.0,0.0,0.0,0.0,0.0,0.0,0.0,0.0,0.0,0.0,0.0,0.0,0.0,0.0,0.0,0.0,0.0,0.0,0.0,0.0,0.0,0.0,0.0,0.0,0.0,0.0,0.0,0.0,0.0,0.0,0.0,0.0,0.0,0.0,0.0,0.0,0.0,0.0,0.0,0.0
2021-12-13,14346,-0.002228102857437,0.0,0.0001394019657933,1.0,3.0,0,0,0.0,0,0.0,0.0,0.0,0.0,0.0,0.0,0.0,0.0,0.0,0.0,0.0,0.0,0.0,0.0,0.0,0.0,0.0,0.0,0.0,0.0,0.0,0.0,0.0,0.0,0.0,0.0,0.0,0.0,0.0,0.0,0.0,0.0,0.0,0.0,0.0,0.0,0.0,0.0,0.0,0.0,0.0,0.0,0.0,0.0,0.0,0.0,0.0,0.0,0.0,0.0,0.0,0.0,0.0
2021-12-14,14348,0.0001394019657933,1.0,-0.0007669514059053,0.0,1.0,1,1,16.9975,1,-0.4939,-0.3723642857142857,0.6428571428571429,0.0,-0.4939,-0.3723642857142857,-0.3723642857142857,-0.3723642857142857,0.19535129343648178,-0.18567710912455934,-0.11244800787865125,0.051015721388316455,0.05755434505845157,-0.0057999189717027845,-0.1625182385512404,-0.07174000152717,0.1169985533098503,0.060470510952309035,0.10058685762937167,-0.31839924436813005,-0.07411537672979042,-0.1912217893072086,0.31355540510946983,-0.24596576593875302,0.05127026762950483,-0.004044944009758188,0.1576768742028227,0.09161814496122768,-0.05809217448000023,0.32276210719438214,-0.064234561067537,0.28360309573011583,-0.11169145147337643,0.15798167878992567,0.07995247962183762,0.16112854213271716,-0.04694785640857494,0.019598454993817436,0.2646812268813356,-0.13273798864234196,0.029160651457142254,0.17904519285835954,-0.050754836766802376,-0.054539351032999825,0.47438313327604004,-0.07532061717173012,-0.010336398369512702,-0.09602365358760782,-0.12863751060810036,-0.15333001970803276,0.02994479653305278,-0.002185513803659278,0.01761462060245012
2021-12-15,14337,-0.0007669514059053,0.0,0.000418410047945,1.0,1.0,2,0,0.0,0,0.0,0.0,0.0,0.0,0.0,0.0,0.0,0.0,0.0,0.0,0.0,0.0,0.0,0.0,0.0,0.0,0.0,0.0,0.0,0.0,0.0,0.0,0.0,0.0,0.0,0.0,0.0,0.0,0.0,0.0,0.0,0.0,0.0,0.0,0.0,0.0,0.0,0.0,0.0,0.0,0.0,0.0,0.0,0.0,0.0,0.0,0.0,0.0,0.0,0.0,0.0,0.0,0.0
2021-12-16,14343,0.000418410047945,1.0,0.0,0.0,1.0,3,1,9.5825,1,0.0,0.1887913043478261,0.08695652173913043,0.43478260869565216,0.0,0.1887913043478261,0.1887913043478261,0.1887913043478261,0.25773004372804287,0.03311753427368133,-0.18303407367569005,-0.10450650383345671,-0.22384673413347,0.16055116518303203,0.15968973298336975,0.05501156289700873,-0.10168305250758616,-0.0817654630108661,-0.06725895844774783,0.1925380776657983,0.06935040372325345,0.016023754537143588,0.22434001281506388,-0.11319462413454226,-0.23993487429386692,-0.27450996715178627,0.05865546940778281,-0.10724660830784284,-0.08337997281617533,-0.11063512878343967,-0.02276620069022659,-0.04169657479127959,0.17032012006793515,-0.04113223226782232,-0.014779810052588811,0.35774207351628595,0.11246618688580641,0.14922461247674532,0.05443505786171029,0.4269198154824689,0.049345701987107624,0.5877349279628101,-0.05546171584660324,0.13304721640497771,-0.23250815884615983,-0.24112106126784497,0.0075270310362999075,-0.19183688364947601,0.1313991329619341,-0.12011902413775019,0.0316638279364113,-0.09798745913858878,-0.016423436190879853
2021-12-17,14343,0.0,0.0,0.0028544594171885,1.0,1.0,4,0,0.0,0,0.0,0.0,0.0,0.0,0.0,0.0,0.0,0.0,0.0,0.0,0.0,0.0,0.0,0.0,0.0,0.0,0.0,0.0,0.0,0.0,0.0,0.0,0.0,0.0,0.0,0.0,0.0,0.0,0.0,0.0,0.0,0.0,0.0,0.0,0.0,0.0,0.0,0.0,0.0,0.0,0.0,0.0,0.0,0.0,0.0,0.0,0.0,0.0,0.0,0.0,0.0,0.0,0.0
2021-12-20,14384,0.0028544594171885,1.0,-0.0024362243629949,0.0,3.0,0,0,0.0,0,0.0,0.0,0.0,0.0,0.0,0.0,0.0,0.0,0.0,0.0,0.0,0.0,0.0,0.0,0.0,0.0,0.0,0.0,0.0,0.0,0.0,0.0,0.0,0.0,0.0,0.0,0.0,0.0,0.0,0.0,0.0,0.0,0.0,0.0,0.0,0.0,0.0,0.0,0.0,0.0,0.0,0.0,0.0,0.0,0.0,0.0,0.0,0.0,0.0,0.0,0.0,0.0,0.0
2021-12-21,14349,-0.0024362243629949,0.0,-0.0059413728054302,0.0,1.0,1,0,0.0,0,0.0,0.0,0.0,0.0,0.0,0.0,0.0,0.0,0.0,0.0,0.0,0.0,0.0,0.0,0.0,0.0,0.0,0.0,0.0,0.0,0.0,0.0,0.0,0.0,0.0,0.0,0.0,0.0,0.0,0.0,0.0,0.0,0.0,0.0,0.0,0.0,0.0,0.0,0.0,0.0,0.0,0.0,0.0,0.0,0.0,0.0,0.0,0.0,0.0,0.0,0.0,0.0,0.0
2021-12-22,14264,-0.0059413728054302,0.0,-0.0009118008697641,0.0,1.0,2,0,0.0,0,0.0,0.0,0.0,0.0,0.0,0.0,0.0,0.0,0.0,0.0,0.0,0.0,0.0,0.0,0.0,0.0,0.0,0.0,0.0,0.0,0.0,0.0,0.0,0.0,0.0,0.0,0.0,0.0,0.0,0.0,0.0,0.0,0.0,0.0,0.0,0.0,0.0,0.0,0.0,0.0,0.0,0.0,0.0,0.0,0.0,0.0,0.0,0.0,0.0,0.0,0.0,0.0,0.0
2021-12-23,14251,-0.0009118008697641,0.0,-0.0022479812768377,0.0,1.0,3,0,0.0,0,0.0,0.0,0.0,0.0,0.0,0.0,0.0,0.0,0.0,0.0,0.0,0.0,0.0,0.0,0.0,0.0,0.0,0.0,0.0,0.0,0.0,0.0,0.0,0.0,0.0,0.0,0.0,0.0,0.0,0.0,0.0,0.0,0.0,0.0,0.0,0.0,0.0,0.0,0.0,0.0,0.0,0.0,0.0,0.0,0.0,0.0,0.0,0.0,0.0,0.0,0.0,0.0,0.0
2021-12-24,14219,-0.0022479812768377,0.0,0.0004218815981571,1.0,1.0,4,0,0.0,0,0.0,0.0,0.0,0.0,0.0,0.0,0.0,0.0,0.0,0.0,0.0,0.0,0.0,0.0,0.0,0.0,0.0,0.0,0.0,0.0,0.0,0.0,0.0,0.0,0.0,0.0,0.0,0.0,0.0,0.0,0.0,0.0,0.0,0.0,0.0,0.0,0.0,0.0,0.0,0.0,0.0,0.0,0.0,0.0,0.0,0.0,0.0,0.0,0.0,0.0,0.0,0.0,0.0
2021-12-27,14225,0.0004218815981571,1.0,0.0008432296192141,1.0,3.0,0,1,7.983611111111111,1,0.3089,-0.09642272727272728,0.45454545454545453,0.20454545454545456,0.3089,-0.09642272727272727,-0.09642272727272728,-0.09642272727272728,0.26670318645061974,0.040741200380496084,-0.1463174557770645,-0.1073042586032739,-0.1703331199174378,-0.0027430510611600547,0.11512326710460308,0.10357844270505641,-0.02678209009959893,0.17016114360899615,0.026071218141687134,-0.14035051386666034,-0.1724127015286329,-0.19329649873167873,-0.034533962216885525,0.3190832074968257,-0.3400343658170196,0.2908883046892658,-0.10917014522637318,0.011252815091136037,-0.14487859722710492,-0.07247678854419562,-0.06369346668235384,0.12978296803647452,-0.256199296396182,-0.18221836144496514,0.22541580652996532,0.06424200587552219,-0.07828660029241644,-0.13836871793627098,0.18112299772019272,0.33252719596937963,0.40227387957730454,-0.24323040895464237,-0.061734588435462014,0.0014279294471811373,-0.07300605034347965,-0.04450487149430354,0.02044496959474364,0.035762497771661524,0.007868486556805991,-0.17545200682888495,0.11792864267161186,-0.036779417280080724,0.038566198880746756
2021-12-28,14237,0.0008432296192141,1.0,0.0019647750338544,1.0,1.0,1,1,11.659444444444444,1,0.128,0.007409090909090931,0.45454545454545453,0.36363636363636365,0.128,0.007409090909090931,0.007409090909090931,0.007409090909090931,0.20367599114546997,0.030244784262812734,-0.1405380858950503,-0.18812091794055844,-0.11502706369710639,0.2127798775366277,0.20966134914791973,0.03456328465228621,-0.10822066601490335,0.05680194266793811,0.0018591691696632385,-0.20763278328367132,0.3948499955070866,0.2904308108542367,0.23415494858110777,-0.06400710086006738,0.0957469473955231,0.23779046724481973,0.1472036757665617,-0.038265754215654105,-0.09920143002775536,-0.07746612013179544,-0.06820610039557898,0.08952979679385097,0.06534092448588849,-0.10867567806528695,-0.16298967208623852,-0.11760502007591712,-0.14647641215896562,0.036976886237202244,0.08105961503803859,0.501182398789366,0.1453308987287442,0.4271922324346113,-0.09084153683437997,0.08095313663688221,-0.1732807238300575,-0.24058615587059418,-0.08724031643539681,0.05211532025023005,0.035911847551703444,-0.25514576755754803,0.11322771755083998,0.07176031483243309,0.0004175917877496144
2021-12-29,14265,0.0019647750338544,1.0,0.0002803672829747,1.0,1.0,2,0,0.0,0,0.0,0.0,0.0,0.0,0.0,0.0,0.0,0.0,0.0,0.0,0.0,0.0,0.0,0.0,0.0,0.0,0.0,0.0,0.0,0.0,0.0,0.0,0.0,0.0,0.0,0.0,0.0,0.0,0.0,0.0,0.0,0.0,0.0,0.0,0.0,0.0,0.0,0.0,0.0,0.0,0.0,0.0,0.0,0.0,0.0,0.0,0.0,0.0,0.0,0.0,0.0,0.0,0.0
2021-12-30,14269,0.0002803672829747,1.0,0.0006305391318306,1.0,1.0,3,0,0.0,0,0.0,0.0,0.0,0.0,0.0,0.0,0.0,0.0,0.0,0.0,0.0,0.0,0.0,0.0,0.0,0.0,0.0,0.0,0.0,0.0,0.0,0.0,0.0,0.0,0.0,0.0,0.0,0.0,0.0,0.0,0.0,0.0,0.0,0.0,0.0,0.0,0.0,0.0,0.0,0.0,0.0,0.0,0.0,0.0,0.0,0.0,0.0,0.0,0.0,0.0,0.0,0.0,0.0
2021-12-31,14278,0.0006305391318306,1.0,-0.0005604595915237,0.0,1.0,4,0,0.0,0,0.0,0.0,0.0,0.0,0.0,0.0,0.0,0.0,0.0,0.0,0.0,0.0,0.0,0.0,0.0,0.0,0.0,0.0,0.0,0.0,0.0,0.0,0.0,0.0,0.0,0.0,0.0,0.0,0.0,0.0,0.0,0.0,0.0,0.0,0.0,0.0,0.0,0.0,0.0,0.0,0.0,0.0,0.0,0.0,0.0,0.0,0.0,0.0,0.0,0.0,0.0,0.0,0.0
2022-01-03,14270,-0.0005604595915237,0.0,0.0027991620796145,1.0,3.0,0,0,0.0,0,0.0,0.0,0.0,0.0,0.0,0.0,0.0,0.0,0.0,0.0,0.0,0.0,0.0,0.0,0.0,0.0,0.0,0.0,0.0,0.0,0.0,0.0,0.0,0.0,0.0,0.0,0.0,0.0,0.0,0.0,0.0,0.0,0.0,0.0,0.0,0.0,0.0,0.0,0.0,0.0,0.0,0.0,0.0,0.0,0.0,0.0,0.0,0.0,0.0,0.0,0.0,0.0,0.0
2022-01-04,14310,0.0027991620796145,1.0,0.0038360988628932,1.0,1.0,1,0,0.0,0,0.0,0.0,0.0,0.0,0.0,0.0,0.0,0.0,0.0,0.0,0.0,0.0,0.0,0.0,0.0,0.0,0.0,0.0,0.0,0.0,0.0,0.0,0.0,0.0,0.0,0.0,0.0,0.0,0.0,0.0,0.0,0.0,0.0,0.0,0.0,0.0,0.0,0.0,0.0,0.0,0.0,0.0,0.0,0.0,0.0,0.0,0.0,0.0,0.0,0.0,0.0,0.0,0.0
2022-01-05,14365,0.0038360988628932,1.0,0.0021556977855314,1.0,1.0,2,2,4.427638888888889,1,-0.31245,-0.05558571428571429,0.3701298701298701,0.2662337662337662,-0.2987366913647721,-0.05477312950683514,-0.0741,-0.037071428571428575,0.3215221895256861,0.06568971675594278,-0.04134062069736616,-0.14664195121732138,-0.10952826665922694,0.27797825027546474,0.22449323037006594,0.10840782403756065,-0.1993710186064487,-0.0170555234754655,0.09344113655288182,-0.10860463947524983,0.21370457813420535,0.05892084500735059,0.117185182694684,0.22551612064643253,0.16179135406355274,0.19423607990985248,0.22959026915509076,-0.010054040257087404,-0.11724076577070179,-0.0376953944485082,0.12879057192873225,-0.017291583929953017,-0.09727863680201365,0.10732040946905724,0.018906308798243763,-0.09750218095190326,0.2065811453531747,-0.11469496834260189,0.20902320070251715,0.13183663078252203,0.17765919491765692,-0.0372365943085932,0.26702106026976624,-0.055801966071109904,0.033197292606479085,0.26448957893956687,0.029938269230236698,0.09161268157126802,0.4747005280921285,0.1454745298130401,0.20413157715014438,0.1069563153203126,0.13253056765562204
2022-01-06,14396,0.0021556977855314,1.0,-0.0025038265967061,0.0,1.0,3,0,0.0,0,0.0,0.0,0.0,0.0,0.0,0.0,0.0,0.0,0.0,0.0,0.0,0.0,0.0,0.0,0.0,0.0,0.0,0.0,0.0,0.0,0.0,0.0,0.0,0.0,0.0,0.0,0.0,0.0,0.0,0.0,0.0,0.0,0.0,0.0,0.0,0.0,0.0,0.0,0.0,0.0,0.0,0.0,0.0,0.0,0.0,0.0,0.0,0.0,0.0,0.0,0.0,0.0,0.0
2022-01-07,14360,-0.0025038265967061,0.0,-0.0025799268223501,0.0,1.0,4,0,0.0,0,0.0,0.0,0.0,0.0,0.0,0.0,0.0,0.0,0.0,0.0,0.0,0.0,0.0,0.0,0.0,0.0,0.0,0.0,0.0,0.0,0.0,0.0,0.0,0.0,0.0,0.0,0.0,0.0,0.0,0.0,0.0,0.0,0.0,0.0,0.0,0.0,0.0,0.0,0.0,0.0,0.0,0.0,0.0,0.0,0.0,0.0,0.0,0.0,0.0,0.0,0.0,0.0,0.0
2022-01-10,14323,-0.0025799268223501,0.0,-0.0016770320470178,0.0,3.0,0,0,0.0,0,0.0,0.0,0.0,0.0,0.0,0.0,0.0,0.0,0.0,0.0,0.0,0.0,0.0,0.0,0.0,0.0,0.0,0.0,0.0,0.0,0.0,0.0,0.0,0.0,0.0,0.0,0.0,0.0,0.0,0.0,0.0,0.0,0.0,0.0,0.0,0.0,0.0,0.0,0.0,0.0,0.0,0.0,0.0,0.0,0.0,0.0,0.0,0.0,0.0,0.0,0.0,0.0,0.0
2022-01-11,14299,-0.0016770320470178,0.0,0.000209782875494,1.0,1.0,1,0,0.0,0,0.0,0.0,0.0,0.0,0.0,0.0,0.0,0.0,0.0,0.0,0.0,0.0,0.0,0.0,0.0,0.0,0.0,0.0,0.0,0.0,0.0,0.0,0.0,0.0,0.0,0.0,0.0,0.0,0.0,0.0,0.0,0.0,0.0,0.0,0.0,0.0,0.0,0.0,0.0,0.0,0.0,0.0,0.0,0.0,0.0,0.0,0.0,0.0,0.0,0.0,0.0,0.0,0.0
2022-01-12,14302,0.000209782875494,1.0,0.0006290847025344,1.0,1.0,2,1,2.952777777777778,1,-0.7269,-0.043805405405405395,0.4864864864864865,0.2972972972972973,-0.7269,-0.043805405405405395,-0.043805405405405395,-0.043805405405405395,0.358220381138242,-0.28653224580395353,-0.25899252589082317,0.07694667924351888,0.11834886538573017,0.1103367374848028,-0.21965677392995375,0.0684988767690532,0.021234917830590436,-0.14412960636079256,0.041370945203406936,-0.05649054461874092,-0.021900639287722016,-0.07549504851707915,0.07957497901449272,0.10289726176077303,0.14212680077893844,-0.01253551170806471,0.11195078217283248,0.023334817843432786,-0.06610492593488998,0.22988971767080704,-0.10817070280089311,0.027814861021796478,0.06615970030311312,0.013435767592274148,-0.020513147296270188,-0.0032357915935974915,-0.0021782711486400463,0.17452336193142523,0.4288050357949896,-0.22908679758860778,-0.020001416160535124,0.07351635875658241,0.01578893890692533,0.2524305272023706,-0.10278490543617196,-0.16095246460794277,-0.06622390970757389,-0.031727810993024366,-0.07723744300498601,0.05801261648909525,0.04721879426835446,0.15475177507149768,-0.1568060486430061
2022-01-13,14311,0.0006290847025344,1.0,-6.987876037923628e-05,0.0,1.0,3,0,0.0,0,0.0,0.0,0.0,0.0,0.0,0.0,0.0,0.0,0.0,0.0,0.0,0.0,0.0,0.0,0.0,0.0,0.0,0.0,0.0,0.0,0.0,0.0,0.0,0.0,0.0,0.0,0.0,0.0,0.0,0.0,0.0,0.0,0.0,0.0,0.0,0.0,0.0,0.0,0.0,0.0,0.0,0.0,0.0,0.0,0.0,0.0,0.0,0.0,0.0,0.0,0.0,0.0,0.0
2022-01-14,14310,-6.987876037923628e-05,0.0,0.0009080432293686,1.0,1.0,4,0,0.0,0,0.0,0.0,0.0,0.0,0.0,0.0,0.0,0.0,0.0,0.0,0.0,0.0,0.0,0.0,0.0,0.0,0.0,0.0,0.0,0.0,0.0,0.0,0.0,0.0,0.0,0.0,0.0,0.0,0.0,0.0,0.0,0.0,0.0,0.0,0.0,0.0,0.0,0.0,0.0,0.0,0.0,0.0,0.0,0.0,0.0,0.0,0.0,0.0,0.0,0.0,0.0,0.0,0.0
2022-01-17,14323,0.0009080432293686,1.0,0.0001396258030751,1.0,3.0,0,0,0.0,0,0.0,0.0,0.0,0.0,0.0,0.0,0.0,0.0,0.0,0.0,0.0,0.0,0.0,0.0,0.0,0.0,0.0,0.0,0.0,0.0,0.0,0.0,0.0,0.0,0.0,0.0,0.0,0.0,0.0,0.0,0.0,0.0,0.0,0.0,0.0,0.0,0.0,0.0,0.0,0.0,0.0,0.0,0.0,0.0,0.0,0.0,0.0,0.0,0.0,0.0,0.0,0.0,0.0
2022-01-18,14325,0.0001396258030751,1.0,0.0031364374901303,1.0,1.0,1,0,0.0,0,0.0,0.0,0.0,0.0,0.0,0.0,0.0,0.0,0.0,0.0,0.0,0.0,0.0,0.0,0.0,0.0,0.0,0.0,0.0,0.0,0.0,0.0,0.0,0.0,0.0,0.0,0.0,0.0,0.0,0.0,0.0,0.0,0.0,0.0,0.0,0.0,0.0,0.0,0.0,0.0,0.0,0.0,0.0,0.0,0.0,0.0,0.0,0.0,0.0,0.0,0.0,0.0,0.0
2022-01-19,14370,0.0031364374901303,1.0,-0.0011140510830533,0.0,1.0,2,2,9.285555555555556,1,-0.27885,-0.21909528225806452,0.5669354838709677,0.24516129032258066,-0.28352517774101865,-0.19193366694820282,-0.3187325,-0.11945806451612903,0.3897447496186182,-0.2970874649246084,-0.32595153733775034,0.06502880390524021,0.3541979050308385,0.02771694259416625,0.12098640476434663,0.024837575169474282,0.026201719614942446,0.1943463074904055,0.01686873983710027,0.01625465570851164,-0.06355594572402265,-0.028372931101456056,0.02597538669376177,-0.05366804322025681,0.027460269667017853,-0.004486304917393326,0.054296343448526595,0.0848648655182678,-0.14022498899076277,0.0411825614294936,-0.006614477884988541,-0.024889423439805738,0.0629737983465682,-0.07015041088122258,0.06743043649716199,0.02215122534837684,0.05180151741340416,-0.07486629067886896,0.31343998733415446,-0.1904373249654808,0.06717406632560734,0.2107577261801744,0.11688583278634591,-0.05351899661475356,0.4929783272385576,-0.15274412076285387,-0.26944946660063107,-0.16368984594508673,-0.11092294868302181,-0.033401650151651224,0.007292595616630945,-0.062167968315215656,0.10944440785801215
2022-01-20,14354,-0.0011140510830533,0.0,-0.0004877878916272,0.0,1.0,3,0,0.0,0,0.0,0.0,0.0,0.0,0.0,0.0,0.0,0.0,0.0,0.0,0.0,0.0,0.0,0.0,0.0,0.0,0.0,0.0,0.0,0.0,0.0,0.0,0.0,0.0,0.0,0.0,0.0,0.0,0.0,0.0,0.0,0.0,0.0,0.0,0.0,0.0,0.0,0.0,0.0,0.0,0.0,0.0,0.0,0.0,0.0,0.0,0.0,0.0,0.0,0.0,0.0,0.0,0.0
2022-01-21,14347,-0.0004877878916272,0.0,-0.0013949922050176,0.0,1.0,4,0,0.0,0,0.0,0.0,0.0,0.0,0.0,0.0,0.0,0.0,0.0,0.0,0.0,0.0,0.0,0.0,0.0,0.0,0.0,0.0,0.0,0.0,0.0,0.0,0.0,0.0,0.0,0.0,0.0,0.0,0.0,0.0,0.0,0.0,0.0,0.0,0.0,0.0,0.0,0.0,0.0,0.0,0.0,0.0,0.0,0.0,0.0,0.0,0.0,0.0,0.0,0.0,0.0,0.0,0.0
2022-01-24,14327,-0.0013949922050176,0.0,0.002161409243056,1.0,3.0,0,1,2.151388888888889,1,0.296,-0.16058888888888886,0.49206349206349204,0.25396825396825395,0.296,-0.16058888888888886,-0.16058888888888886,-0.16058888888888886,0.33150561700888814,-0.1985038097873248,-0.21921729360371903,-0.0019702714194898352,0.45775741320223295,-0.04246620885780988,0.312321898424276,0.024445985329997737,0.022923498049156898,0.28710127667581375,-0.012000967198123512,0.06956351172866516,0.02550001596957077,0.05105326406954924,-0.0802039458941436,-0.04972357164246082,-0.0014294899598962984,-0.06619312016896355,-0.07841151075996669,0.023239247749055746,-0.01040683985473637,-0.14886891137108896,0.0919473732008546,-0.03031607957265985,0.02770974616887359,-0.1372028074740946,0.06640094602349436,0.04115049398067745,-0.06309540530412873,-0.14427321963293357,0.061664712065362975,-0.06906466853949242,0.06321683781087314,0.08307053223225332,0.03687751214621597,-0.004093156450047179,0.33509818879903086,-0.1474810988167426,-0.2825547782303589,-0.20763208814144557,0.15581493922994127,0.07255562695960648,-0.186729795649818,0.06741468630714767,0.013755573430498583
2022-01-25,14358,0.002161409243056,1.0,-0.0008361204500485,0.0,1.0,1,2,7.207361111111111,1,-0.31905,0.0983,0.25784313725490193,0.3950980392156863,-0.35086543937993925,0.11179333241403522,-0.020599999999999993,0.2172,0.31469073611422954,-0.032859422707721284,0.36576252722459973,-0.06477076047445429,0.1549755209812671,0.26533790562867104,0.020479021302205875,0.29994836681241566,-0.07224686603764227,-0.0889418104947353,-0.01748059973724012,-0.08320743130153534,-0.07694881536562095,0.013877935440765968,-0.18714400432901243,-0.09801124231339876,-0.046670131818886094,-0.1041606328374503,0.12981562794147888,0.12568309037124292,-0.06915037367381731,0.04151328872941483,0.021956634203602186,0.0454470127893662,-0.08589177666704863,-0.12658080274621916,-0.21481006847117745,0.0008896570953757136,-0.06189183244032993,0.08814971133587503,0.18874228116153174,-0.057381496780460534,0.06363479415703946,0.02581609613225407,0.09715326501900162,-0.020296164822365133,0.09673723236067983,0.12469152269908404,0.06611209625355623,-0.03015925984732798,0.4584801534818174,0.07873410533395674,0.3158351904614558,0.22032883124746808,-0.057638897273512874
2022-01-26,14346,-0.0008361204500485,0.0,0.0027148392992685,1.0,1.0,2,0,0.0,0,0.0,0.0,0.0,0.0,0.0,0.0,0.0,0.0,0.0,0.0,0.0,0.0,0.0,0.0,0.0,0.0,0.0,0.0,0.0,0.0,0.0,0.0,0.0,0.0,0.0,0.0,0.0,0.0,0.0,0.0,0.0,0.0,0.0,0.0,0.0,0.0,0.0,0.0,0.0,0.0,0.0,0.0,0.0,0.0,0.0,0.0,0.0,0.0,0.0,0.0,0.0,0.0,0.0
2022-01-27,14385,0.0027148392992685,1.0,-0.0002781060992686,0.0,1.0,3,1,16.72277777777778,1,0.5106,-0.1411142857142857,0.42857142857142855,0.19047619047619047,0.5106,-0.1411142857142857,-0.1411142857142857,-0.1411142857142857,0.27385229460819593,-0.07647584109374077,0.2888095748079072,0.12863869178129284,0.003361685998030848,-0.338148389373045,0.4074898467767426,0.1136561514849263,0.07390520453501657,-0.20149985478359347,0.15039499587450852,0.07631326636468846,0.1014338273363315,-0.06936017192684095,0.01140221099573103,-0.03294678261547739,0.08340403014829474,0.0785875498399189,0.020584871242731978,-0.14196265699724753,0.04812656657802918,0.11304716647027467,0.01918265852293028,0.11340975215395935,-0.030176424356958154,0.013476427937903756,0.03937164458021119,0.15375867840047944,0.04377349391929041,0.03296536723013207,0.15700433874681982,0.2872396232812718,-0.43151186682777376,-0.23759320028357675,0.13179753310826567,-0.007219940494045526,0.16061224538033375,-0.21992661244305878,0.03310595914844534,0.1366499940862068,0.03700860243647566,-0.12282198651517866,-0.1537618319441617,0.0014799393818647143,-0.18841620938204684
2022-01-28,14381,-0.0002781060992686,0.0,0.0007646057439893,1.0,1.0,4,1,12.955833333333333,1,0.0258,0.06278260869565218,0.2826086956521739,0.391304347826087,0.0258,0.06278260869565218,0.06278260869565218,0.06278260869565218,0.3245273096787726,0.05771297270983316,0.38182028006921664,-0.09844674759736587,0.11810781515494043,0.18080323672807078,-0.05982841376721501,0.17957460554565732,0.037279093660841256,0.18916143783518066,-0.13310169051864473,0.06939650651903535,-0.02446896708534348,-0.07178943271565733,-0.01839716849697454,-0.05862252946672934,0.1143848372496307,0.093204137333292,-0.20942222351945303,0.02631867135457756,-0.06863775212124776,0.03927403901378781,-0.06801937170567562,0.03352957134473199,0.13194226672222018,-0.009509643000917781,-0.03467393233724845,0.020018251845272405,0.029658659488038162,-0.0009739531889887099,0.05652661996925484,-0.007696057740058824,0.008592716308545967,0.09405780571592223,0.3415032218584079,-0.42064268787510795,-0.0015001252791550929,-0.08673062322369658,-0.07044195355128399,-0.1395240466609606,-0.3881534725780166,0.20044741232702673,0.26548403922777963,-0.13148174412463426,0.05286243800407285
2022-01-31,14392,0.0007646057439893,1.0,-0.003131635531979,0.0,3.0,0,1,70.01027777777777,1,-0.7845,-0.09211000000000001,0.5666666666666667,0.3333333333333333,-0.7845,-0.09211000000000001,-0.09211000000000001,-0.09211000000000001,0.3464506629958076,-0.18453434299640034,0.008905088781611836,0.24487533076741555,-0.24380669716997505,-0.1520498673706167,-0.07776407414340651,0.11142799126657325,-0.30800031060509786,0.2444664885452112,-0.007064530878782112,-0.06374452101294512,-0.01896430293346367,-0.07401408830924701,0.06994498496252535,0.0027344007617702585,-0.11085153249731101,-0.07994284075770651,-0.037982549025258376,-0.2981943609817851,-0.0365844826301477,0.10199157651337988,-0.0954454719235188,0.06173946142693419,-0.09168726106913666,-0.15518922047132266,0.015742927093622974,-0.20151519814586974,0.11578486960877553,0.01997257698592049,0.37643121087818815,-0.1609592248267504,-0.06751259813902674,0.08040243306247849,-0.20371307955356532,-0.08076500779623035,-0.10597346937264285,0.08751206165442754,0.05045383510404394,-0.008142512003719016,-0.056750739545571464,-0.2532633510556549,-0.047252978681107574,-0.05410492767270949,0.11922821540447184
2022-02-02,14347,-0.003131635531979,0.0,0.0023670297879896,1.0,2.0,2,2,31.63791666666667,1,-0.2658,-0.14205633484162894,0.4785067873303167,0.24434389140271492,-0.09822966574319611,-0.0232184470019053,-0.3488538461538461,0.06474117647058823,0.32903958300600394,-0.3301595420458726,-0.29431031277664227,0.08025430647808927,0.4078468416984578,-0.002802295576618352,0.07616114748469956,0.13339381526203672,0.05343566555665912,0.09880576501357069,0.0476697662728883,-0.0036701357814226685,-0.021783799590520608,0.0494770252860152,-0.06913494009036503,0.15666058099851293,0.08025455835809078,-0.058860431302738714,-0.006983038707347498,-0.010933653263967755,0.04605229243183429,0.003860992914602379,-0.02793001122806013,0.046522632997873806,0.1618166685649342,0.05336586764474391,0.019241583907106678,0.05218408019913558,0.016307933293744123,-0.016305184182286055,0.36159959930233976,-0.1730266417099057,0.14026631106813542,0.13661833316559743,0.04046941516393468,0.020263894186033013,0.45228066567755715,-0.17864805548439922,-0.3236919523421315,-0.20209810711633847,0.19579145351752508,0.08709022118232632,-0.18192853362226566,0.060582371859329846,-0.033275841182414195
2022-02-03,14381,0.0023670297879896,1.0,-0.0003477414229846,0.0,1.0,3,3,12.270648148148148,1,-0.13820000000000002,-0.04606469308469308,0.4013209013209013,0.35555555555555557,-0.08295493597413284,-0.038360125592001165,-0.07313589743589742,-0.013918181818181814,0.5070702870276109,-0.2673879025662731,0.030311330015986144,0.18502441004974238,0.03189127045098522,-0.07052332971205608,-0.08354807888556076,0.12135840243263608,-0.12559742411849184,-0.04736869787656359,-0.026065143120362486,0.06897014055635045,0.15046541493301255,0.02629930825258808,-0.044508868721855305,0.2102144821725976,0.07362057150118448,-0.009291914721727391,-0.0500078450437671,0.006281027697006534,0.1196327234837416,-0.059115785633909894,-0.13078774796576997,0.008731251232220908,0.17199567791767678,0.07306725051287642,0.012217318517785758,-0.05731725704999248,0.04213920600479668,0.08197728260502023,0.5017821607470425,-0.16847008396193214,0.15743422010075603,-0.05240866338225386,-0.19746859033448072,-0.14384010972099825,-0.19246685878343478,-0.03566373262905084,-0.07697006400084298,-0.043913109059530386,0.20040252961537797,0.13567877515515786,-0.19334792888540714,-0.15110342041685162,-0.02757734822199309
2022-02-04,14376,-0.0003477414229846,0.0,0.0019457963053708,1.0,1.0,4,1,14.027222222222225,1,0.2023,-0.12692857142857145,0.5714285714285714,0.23809523809523808,0.2023,-0.12692857142857145,-0.12692857142857145,-0.12692857142857145,0.26418995367183395,-0.061637869821268364,0.24870637443768773,0.1275312024274736,0.01810885617381031,-0.2583199877150211,0.46763642423003704,0.06332403096252316,0.12590483734161526,-0.22822445918714723,0.13797737968831655,0.0844310735803785,0.09958662023125633,-0.0518219778339672,0.04940398318740319,0.040907808968527366,0.05121619553969938,-0.003792139163536072,0.05507653007142817,-0.12239797178152302,0.07404221806359507,0.1195191191129462,0.0837497364663351,0.15809839512810261,-0.07296223190960827,0.014191300987785302,0.13619268016443253,0.02315898082223522,0.0908810844926325,0.053328593935709115,0.17968898113652435,0.3243026461433426,-0.6193604585644169,-0.26969871998041584,0.09208749662784703,-0.044780264213997015,0.11780997407528111,-0.23119647010258926,0.11360317737689066,-0.04141055492475348,0.1158376873563105,0.05251259052319991,-0.1372490554355521,-0.015257099753240673,-0.00787399669557031
2022-02-07,14404,0.0019457963053708,1.0,-0.0013199487831175,0.0,3.0,0,1,16.135,1,0.0618,0.1260897435897436,0.3076923076923077,0.5641025641025641,0.0618,0.1260897435897436,0.1260897435897436,0.1260897435897436,0.3548636246358864,-0.01418912299375714,-0.18405351429488023,-0.21029485141345364,-0.14851506161209466,-0.03235837905942533,0.09147825469435097,-0.05567678078968495,-0.014906754692610267,-0.17652677961737476,-0.05474235265545353,-0.19247791017069232,0.08255314885295348,-0.3205667163650627,0.0029890675153198833,-0.0682594375949379,0.26104710880809123,-0.1862485155521114,0.005252669019068596,-0.04563319594300893,-0.19076855533709633,-0.0841507750681368,-0.05607395099375962,-0.14292070678050753,0.05973493822927276,-0.06598412673006669,-0.05293896689911286,-0.06597690468272743,0.06073324294238781,-0.18818774234945335,0.10606137766857532,0.22563631401294965,0.1966084744630771,0.13635798331924068,-0.12175466037781935,-0.009806410306987392,0.33778432934023794,0.08331059244532388,0.5028207728695407,0.12942663973268972,-0.21676248880442228,0.24854477715173534,-0.1340848777552971,0.08409735207406396,-0.10559101487485445
2022-02-08,14385,-0.0013199487831175,0.0,-0.0013216933509013,0.0,1.0,1,1,11.46111111111111,1,-0.296,0.03556,0.36,0.42,-0.296,0.03556,0.03556,0.03556,0.26474197092819607,0.06839236286684841,0.01761249410795138,-0.16987965142611347,-0.032978903082326996,0.061393582815764694,0.0700740944191592,-0.3386739061672967,-0.19940834282418687,0.002492817034194733,0.46663728182848674,0.1512666353504209,-0.05054173211744424,0.08719080373472878,-0.09526255206046154,0.04955306694740313,0.004774128835795439,0.015902720575789515,-0.16195166037255548,0.04199334321838152,-0.08259576473198792,0.12108834356725345,-0.37059092721825587,0.00479732089526825,0.01331047795497866,-0.0375983396978028,-0.02905894815551962,0.01345370100395795,-0.04016409884421348,0.09893376133982885,0.16638814672616895,0.37316224554592514,0.09220084859467755,-0.15397622949042553,-0.037259229207194336,0.0060650181690092685,0.021223212790979364,-0.08903694313761866,-0.25709975535059515,0.25802975149103524,-0.08906922658395086,-0.26346032604119074,0.11321560837657683,0.13322828871086995,-0.13118103619872387
2022-02-09,14366,-0.0013216933509013,0.0,-0.0015325673497781,0.0,1.0,2,0,0.0,0,0.0,0.0,0.0,0.0,0.0,0.0,0.0,0.0,0.0,0.0,0.0,0.0,0.0,0.0,0.0,0.0,0.0,0.0,0.0,0.0,0.0,0.0,0.0,0.0,0.0,0.0,0.0,0.0,0.0,0.0,0.0,0.0,0.0,0.0,0.0,0.0,0.0,0.0,0.0,0.0,0.0,0.0,0.0,0.0,0.0,0.0,0.0,0.0,0.0,0.0,0.0,0.0,0.0
2022-02-10,14344,-0.0015325673497781,0.0,0.001045187009408,1.0,1.0,3,0,0.0,0,0.0,0.0,0.0,0.0,0.0,0.0,0.0,0.0,0.0,0.0,0.0,0.0,0.0,0.0,0.0,0.0,0.0,0.0,0.0,0.0,0.0,0.0,0.0,0.0,0.0,0.0,0.0,0.0,0.0,0.0,0.0,0.0,0.0,0.0,0.0,0.0,0.0,0.0,0.0,0.0,0.0,0.0,0.0,0.0,0.0,0.0,0.0,0.0,0.0,0.0,0.0,0.0,0.0
2022-02-11,14359,0.001045187009408,1.0,-0.0014635678815593,0.0,1.0,4,1,7.648333333333333,1,0.5499,0.19484791666666668,0.125,0.5,0.5499,0.1948479166666667,0.19484791666666668,0.19484791666666668,0.32209650778524385,0.43907127558055464,-0.146904589783879,0.43005580078320466,-0.03619316968238832,0.19283262586458413,0.047799419168192726,0.08125144464146981,0.05459792298609774,-0.023259459766706,0.07822493385549283,-0.05769159465978921,-0.0060354095793937294,-0.0722209399508407,-0.07420522073170485,-0.03915126915376229,0.0917969338201742,0.02902644250009432,-0.037724368264117944,-0.04593040426924739,0.049128866118771826,-0.04064201990431894,-0.02990457629564682,0.02992234390578312,-0.005602126061958625,-0.00023341402950048765,0.031271981047900826,0.09367531971727941,-0.005846676585994113,-0.07762678969889032,0.09270418151909646,0.07412100612148666,-0.06440373776723686,-0.07319068013008428,-0.0612154624035212,-0.0221427884826586,-0.08804760036600584,0.2886264821521419,-0.009288516466318075,-0.3726954887827142,-0.22965066808745957,-0.21885138129058945,-0.15582574692662543,0.3597265404526915,0.2615885552076417
2022-02-14,14338,-0.0014635678815593,0.0,-0.0032134152695171,0.0,3.0,0,1,67.31777777777778,1,0.0,0.13724545454545456,0.045454545454545456,0.4090909090909091,0.0,0.13724545454545453,0.13724545454545456,0.13724545454545456,0.25052821113818036,0.5241548620565829,-0.10849379851535945,0.17453796923573234,0.1792993020151747,-0.18143694623739823,-0.1356254683194216,0.18483427658452156,0.021298784588853963,0.028743880575887212,0.16829976141069933,-0.10207524974690257,0.07973659063385227,0.05087784967419441,0.058641185691444865,-0.06981325465300019,0.004813544226245497,0.011250118483289247,-0.02600662610200062,0.012862135237019897,0.052722311190356655,0.014421659099394687,-0.05336898552662791,-0.10293401146802961,0.013835705039613157,-0.09688514664687717,-0.07774154271560087,-0.006065600067423646,0.07786102974692186,-0.06202250310074878,0.13270066122257074,0.16123988145865423,0.20333067044935405,-0.20672066779606688,-0.039021773757574436,0.037874235576035406,0.036057176888016615,0.09807764602234996,0.003016309499514914,0.05372558467783205,-0.0756525284138583,0.017378202547164802,0.12072517245629288,-0.07118563484118007,0.10267140751879637
2022-02-15,14292,-0.0032134152695171,0.0,-0.0009800490808945,0.0,1.0,1,0,0.0,0,0.0,0.0,0.0,0.0,0.0,0.0,0.0,0.0,0.0,0.0,0.0,0.0,0.0,0.0,0.0,0.0,0.0,0.0,0.0,0.0,0.0,0.0,0.0,0.0,0.0,0.0,0.0,0.0,0.0,0.0,0.0,0.0,0.0,0.0,0.0,0.0,0.0,0.0,0.0,0.0,0.0,0.0,0.0,0.0,0.0,0.0,0.0,0.0,0.0,0.0,0.0,0.0,0.0
2022-02-16,14278,-0.0009800490808945,0.0,0.0016095738105295,1.0,1.0,2,0,0.0,0,0.0,0.0,0.0,0.0,0.0,0.0,0.0,0.0,0.0,0.0,0.0,0.0,0.0,0.0,0.0,0.0,0.0,0.0,0.0,0.0,0.0,0.0,0.0,0.0,0.0,0.0,0.0,0.0,0.0,0.0,0.0,0.0,0.0,0.0,0.0,0.0,0.0,0.0,0.0,0.0,0.0,0.0,0.0,0.0,0.0,0.0,0.0,0.0,0.0,0.0,0.0,0.0,0.0
2022-02-17,14301,0.0016095738105295,1.0,0.0026536328421039,1.0,1.0,3,2,5.665,1,-0.74535,-0.19437230769230768,0.582051282051282,0.1717948717948718,-0.7240270733053566,-0.20827997334515203,-0.2729346153846154,-0.11581,0.4027325067917526,0.10235258198947553,0.1382380565029196,0.19815731418972418,0.12282992779188419,0.11793894472283241,0.012831696546055562,0.17354664741941317,-0.011386328475017245,-0.1345700767115437,0.043257582196944325,-0.14782838193319806,-0.07614585043950042,0.022713980137954136,-0.1414293713878839,0.02770540560945573,-0.16444586521395163,-0.0859652489544733,0.22961810438023353,0.020545081386314057,-0.18678245134643684,0.052942381940224194,-0.1705031208810901,-0.09143551317613492,-0.1478591600919902,-0.024992966154342627,-0.018523530461663985,0.03640270637268744,-0.12944559761707608,0.09987432019687124,0.48589443319880943,-0.17469025286601655,0.07430386223976605,0.04205987606980469,-0.04255805130856009,-0.06488191364765405,-0.129096108186916,0.1381921136724629,0.04768896824225376,0.20253263867278282,0.1268433845698032,-0.24156541121890604,-0.11168099770856488,-0.2851392817366978,0.0880459242072839
2022-02-18,14339,0.0026536328421039,1.0,-0.0006976419984363,0.0,1.0,4,1,0.4052777777777778,1,-0.128,0.23256000000000004,0.24,0.6,-0.128,0.23256000000000004,0.23256000000000004,0.23256000000000004,0.3709432287809071,-0.10238798671673609,0.16949442091351438,0.01537100513180738,0.07018331892148405,0.10588774871897941,-0.10647034446812338,0.1385964542083574,-0.06743725020505954,-0.01994114972303416,0.019595194984272236,-0.011894165797930602,-0.008966450584044479,0.060845207231796664,-0.20635740352711424,0.12485608082986883,-0.1653434157660271,-0.06490506721806054,0.20518725579022543,-0.2600267977788273,-0.0032646249648404,-0.0617300973685182,-0.13583635606973515,0.02107115708655763,0.2722598315458585,0.17324360192761848,0.14934130387362493,-0.19589226501693338,0.14967695221128124,-0.03805907431024298,0.3615801786476481,-0.17919233457480424,0.19936902829978315,-0.026578803839277104,-0.007881100303003978,-0.4349949521802821,-0.325012050421955,-0.23853326466856672,0.12683433036956954,0.05328184889344909,0.11583175243756781,-0.08140808156269769,-0.25071882932326695,-0.004414977015559901,-0.005849307458289543
2022-02-21,14329,-0.0006976419984363,0.0,0.0023003739536599,1.0,3.0,0,0,0.0,0,0.0,0.0,0.0,0.0,0.0,0.0,0.0,0.0,0.0,0.0,0.0,0.0,0.0,0.0,0.0,0.0,0.0,0.0,0.0,0.0,0.0,0.0,0.0,0.0,0.0,0.0,0.0,0.0,0.0,0.0,0.0,0.0,0.0,0.0,0.0,0.0,0.0,0.0,0.0,0.0,0.0,0.0,0.0,0.0,0.0,0.0,0.0,0.0,0.0,0.0,0.0,0.0,0.0
2022-02-22,14362,0.0023003739536599,1.0,-0.0004875161150985,0.0,1.0,1,0,0.0,0,0.0,0.0,0.0,0.0,0.0,0.0,0.0,0.0,0.0,0.0,0.0,0.0,0.0,0.0,0.0,0.0,0.0,0.0,0.0,0.0,0.0,0.0,0.0,0.0,0.0,0.0,0.0,0.0,0.0,0.0,0.0,0.0,0.0,0.0,0.0,0.0,0.0,0.0,0.0,0.0,0.0,0.0,0.0,0.0,0.0,0.0,0.0,0.0,0.0,0.0,0.0,0.0,0.0
2022-02-23,14355,-0.0004875161150985,0.0,0.0011139735190824,1.0,1.0,2,2,12.650277777777776,1,0.23835,0.01045521390374332,0.31417112299465244,0.38235294117647056,0.15359506998919914,-0.003199213023253835,-0.027944117647058817,0.048854545454545456,0.40709241999487333,-0.13824311430155597,-0.04625945033111111,0.28605738411651266,-0.15278149433047283,-0.08780401472428863,-0.10407738381443414,0.03468163313586974,-0.15590872327044095,-0.05994034096464427,-0.09373339444546433,-0.06906542584195409,0.09295778134499896,-0.00644743390283487,0.04080721641198831,0.1352414475227593,-0.006244865760669456,-0.13287090780877456,0.024454749916395284,0.2448581327526717,-0.0915138736143308,0.0038326907235206585,0.15505012452180406,-0.157905927242774,-0.05871939787606809,0.013438326615081193,-0.023298980943295532,0.13583140899059024,-0.16030101256504534,0.028968380015946763,0.3841406565222457,0.0427770487347574,-0.17995718576606565,0.07809280387320344,-0.47430693010556163,-0.1842235539919125,-0.16754956164431564,0.33467206458189364,-0.31041387258959624,0.03575210634295491,-0.07156618956941876,0.16875302353734314,0.06128997048300388,-0.059444243690299874,-0.13680343932309455
2022-02-24,14371,0.0011139735190824,1.0,-0.0001391788450402,0.0,1.0,3,1,19.756666666666668,1,-0.1531,0.06738461538461538,0.2692307692307692,0.38461538461538464,-0.1531,0.06738461538461538,0.06738461538461538,0.06738461538461538,0.2870772065696258,-0.05752046979734079,0.25415304806814676,-0.0640462814363242,0.03629986601646287,0.19974912478714008,-0.10212879713205135,0.0018238825493488145,-0.24658448084544518,0.07691133198550125,0.2698400804317003,-0.07325358301608793,-0.17940508854449896,-0.08354093501876499,0.1735320880709761,0.02753690447647978,0.12049261584525989,-0.07942449503452934,0.09016413926070921,0.034250517596796155,0.2672628949670852,-0.1668250864072965,0.4477065859170186,-0.02169258964081813,0.034118424039709126,0.012747454350998055,0.052148282639301276,0.13825359071537008,0.012628919661762085,-0.11640618189462712,0.044965787272225055,-0.0011746852398082487,0.032770728730100264,0.022435966200199088,0.18343227519373462,-0.09767155255147608,0.02450206589052804,0.21178532691704927,0.0710419273025577,-0.08715328521729311,0.3816545060351222,-0.04776220623725058,0.43205130420230775,0.1732907633788415,-0.19988126435643558
2022-02-25,14369,-0.0001391788450402,0.0,-0.0013231660414394,0.0,1.0,4,3,17.39740740740741,1,-0.10606666666666666,-0.019397849462365575,0.39173589383968066,0.3508828712194771,-0.08074411120466368,0.001577394878512608,-0.13839999999999997,0.1257,0.5084220825216351,-0.21549944598493054,0.08770213656964235,0.15057402458272376,-0.12574847959206517,-0.08183352301075929,-0.09634900936125862,0.025006482215061562,-0.2212740696126203,0.1520870704742315,0.022473359498546296,-0.0522122005386339,-0.11027228093453627,-0.0893910109841658,0.15477216812641012,-0.09709098095197345,-0.030953483019389803,0.0070121654041050505,-0.07110933106154319,-0.17919717453339865,0.052050587930991134,-0.04855747780445424,0.03912134704216502,-0.005106874313182907,-0.03624724943327306,-0.08639535034208928,-0.05930072828483634,-0.0873039484500509,0.07022763160655487,0.09112518956409923,0.4094336371641865,-0.021557961949714606,0.057271610270538266,0.07657142872516116,-0.16435605783072257,-0.07485318195943072,0.08336904249711151,0.3146605877757471,0.10373946042953772,0.21983787940379707,-0.00674306597804752,0.09588783957631472,-0.02813556640379882,-0.11364220495143984,0.19987606631050403
2022-03-01,14350,-0.0013231660414394,0.0,0.0016015043634645,1.0,4.0,1,2,52.06,1,0.0,-0.053943809523809526,0.29523809523809524,0.17142857142857143,0.0,-0.08460493588690954,-0.08631428571428572,-0.02157333333333333,0.33375297010681276,-0.014285874804278129,0.1818918355466613,-0.06813587587606162,0.08551652572206987,0.11989602781673346,-0.008770677707053231,-0.3345456136394969,-0.26943267462075804,-0.07989540613495814,0.4538960291806348,0.06428708236541023,-0.22800206477960533,0.08927447066676683,0.05465843196172862,-0.012915524332408402,0.016195057082743523,-0.02188691079752022,0.03926179242994705,0.08166853890754432,0.04250293938483745,-0.023641997750418933,-0.08683392569381987,0.017485119638839634,0.05934821454362506,-0.05592265370583536,0.019239442511070765,0.043623167299375556,-0.060516095533011176,-0.1174899884467668,0.20678614574668763,-0.05929530500449114,-0.04684830868059533,0.08331839338852912,0.2849073383726865,-0.21952514426951347,-0.027618038137145,0.19737004570224023,0.07634321778014747,-0.20480715946506312,-6.735291659211006e-05,-0.2276429841439124,0.2668334197754093,-0.014644708263575543,-0.31607855292226716
2022-03-02,14373,0.0016015043634645,1.0,0.0006955070526573,1.0,1.0,2,3,14.058148148148147,1,-0.4486333333333334,-0.0996553613053613,0.4067599067599068,0.30885780885780884,-0.4487141837768893,-0.11024499466193939,-0.2130692307692308,0.021995454545454544,0.4047467270520938,-0.07399817812413999,0.20431591339700134,-0.03299065846697612,0.13258299827182057,0.1522991151332606,-0.13810097545011116,-0.0065343783472912136,0.03641553735989697,-0.13858305699474333,-0.13733892868778655,-0.0665649472898031,-0.009069074108407908,0.02333393275963201,-0.13262486894888806,-0.1619959050914447,-0.12051623668088379,-0.010512120173966466,0.04976651140718263,0.05247570586938605,-0.03424102875232426,-0.07577640112487892,-0.07210605063114134,0.1029387140866111,-0.08736680389015306,-0.12522934800922036,0.004926383876705186,0.10167215826232595,0.2329985313060481,-0.22070904748144882,0.5638596431824249,-0.24117574216942161,-0.005998158392680189,0.059991311928435764,-0.09434950797858971,0.0884640596686673,-0.07294940478125034,0.03749799163831047,0.2329558996417134,0.14285887560902275,0.0107028178644068,-0.10678126488229492,-0.02767784628812314,-0.13007261637274037,0.2549370692976644
2022-03-04,14383,0.0006955070526573,1.0,0.0019448502344724,1.0,2.0,4,4,26.86319444444444,1,-0.05370000000000001,0.11768778640975291,0.18103665521191292,0.42074128620520374,0.008742198975536446,0.13896124232429494,0.060363888888888884,0.16831600000000002,0.5306136910862038,0.12531768691749748,0.05601190968151688,-0.05335772180189697,0.01778783014109358,-0.13073909057363914,-0.05681440224785875,-0.20521380082884924,-0.045442795612693127,0.005988367217106467,-0.19195553346688587,0.03265566332958786,0.13864796955492711,-0.021463852685986187,0.06224455769998638,-0.03606588098208685,-0.03412062648974202,-0.03989862832891284,0.1269207712921036,0.12241588120941377,0.10665949431104053,-0.060003425718716995,-0.11557078063650761,0.17409122648269507,0.09881183616854972,-0.027746149894360778,-0.06361044680755601,0.02422463762154131,-0.08151987450827151,-0.08851452392872214,0.5665348328949394,0.010647461716139032,0.06741411826487238,-0.04110787312724837,0.05260513526212152,0.11929068966482,0.0002998216985362029,0.1091789125132989,0.039046170675785,0.10031753804864932,-0.12379327476489378,0.2268670701716515,0.0062305935818333415,-0.08150401266796713,0.08538289053955567
2022-03-07,14411,0.0019448502344724,1.0,-0.001180350770612,0.0,3.0,0,4,44.02173611111111,1,-0.111825,-0.052815037100456624,0.3761320395738204,0.34519596651445966,-0.25649058888110887,-0.0028818332353193125,-0.23895,0.03265068493150684,0.5069891887945249,0.043101569281110606,0.19296428320177078,0.0545545975403513,0.028367318577065374,-0.04747420331186099,-0.017917168247247962,-0.20724090240439366,0.08103865898990074,-0.0658556127357527,-0.13260126761757643,0.01845300513323896,-0.052469986042518374,0.11508178229970238,0.038976104870110946,0.09801685739887749,-0.011072600156836372,0.022440226206951738,0.059203793869598474,-0.03554636423496001,-0.15346645044221752,-0.01117533034858921,0.102841598198818,-0.14432937448088062,0.09017991632360098,-0.05191360084594121,0.039699373078979236,-0.047467354818544236,-0.08989055387564655,-0.04224904072685971,0.466454997512139,0.040675210414904045,-0.34728133698975183,-0.09283744898692019,0.06369118479886385,-0.13374816876871376,-0.04999314719062406,-0.009903994143807106,0.08776605635975623,-0.23429627142371662,-0.018353247217478285,0.004830898520324981,0.1897316734164695,-0.06425698022095216,0.2114444875575675
2022-03-08,14394,-0.001180350770612,0.0,-0.0015991659935027,0.0,1.0,1,4,8.172291666666666,1,-0.5318499999999999,-5.38556924746178e-05,0.30920134852359915,0.3423121883799633,-0.5247107632259979,-0.0031038093193127324,-0.12845,0.09070606060606058,0.5776863078355832,-0.03153591217471736,0.0052562964537390304,-0.038796293305432994,0.08282304396616114,-0.033611567107478466,-0.16749227649618395,-0.09570851077614792,-0.002851881492660916,-0.07202208407094983,-0.008635296246573438,0.030409053528034462,0.054241549112820885,0.02835994169870249,0.048859128124420774,-0.02318877906888498,-0.058062401484554896,0.04830001848625807,-0.07200852934554514,-0.08472204667936076,0.07071892566824207,-0.022655507694469005,-0.05023654833913668,-0.10359619997013494,-0.21095409361363626,-0.0418436003763493,-0.1301475310923536,-0.008315010274409555,0.0003150622684771558,0.013041685126173076,0.5414126584025283,-0.015115953720321094,0.21447592488580308,-0.24301918051372678,0.1411930714286076,0.27770671709842243,-0.17682803028237687,-0.005701040558302072,-0.007360164054796718,-0.09609084968409236,-0.014104037300742035,0.0881191334574056,0.008712512519345201,0.18009744178661066,-0.11298444065132784
2022-03-09,14371,-0.0015991659935027,0.0,-0.0050926197474497,0.0,1.0,2,3,14.90611111111111,1,-0.37579999999999997,-0.04521621610631273,0.43438816506449357,0.35616633321947333,-0.39321353611240106,-0.06632207203343976,-0.10936739130434785,-0.0036454545454545416,0.5437239023799042,-0.1536994508590909,-0.1468305204871338,-0.0037359519828045933,-0.028814504249959374,0.08321756951259532,-0.16176412837293358,-0.16072568636303308,0.08700223157637202,-0.13289052746113,-0.06573886721005016,0.06044939815153374,-0.007353468361398982,-0.045969443423244674,0.05497992493648314,0.06365514867275114,0.029876663580646404,0.11944642587269763,0.03220913687475198,-0.1107141930858525,-0.02728916109343883,0.016045839155451744,0.055783196821486365,-0.07343920223852614,0.01898665364073985,0.020185185098763825,0.007659203511550178,-0.10466533512181066,-0.1482801970440286,-0.09235328157622945,0.4199703726608663,-0.1190944944553019,-0.010644724440847448,0.08042466726979443,-0.028441167477171115,-0.027804360708685645,0.27832569174817157,-0.10888566703410135,0.04797743205396711,0.07066344069407911,-0.12903494302060856,-0.24347142454905274,-0.02099059110813283,0.06325662070940181,-0.2373468040303438
2022-03-10,14298,-0.0050926197474497,0.0,0.0005593623415319,1.0,1.0,3,4,16.46409722222222,1,-0.13105000000000003,0.043740507518797,0.3316624895572264,0.3528613199665831,-0.2093766342352368,0.03224914092418693,-0.11466666666666667,0.3369714285714286,0.4572787649827413,-0.07542333403846926,0.23787388632669232,0.003011141016241269,0.07943113502142683,-0.04258151274365198,0.05719586147317699,-0.06452821558660154,0.14108043245573537,-0.18947670237612121,-0.032958630066276584,-0.07006283766679405,-0.05764577920357904,0.11427536519531015,-0.06211265035635349,-0.15188726067683025,-0.1878254553993251,0.03840719280202963,0.08860043574752575,-0.06029080921157083,-0.05070489846816515,-0.006276449560157178,0.036348566112608366,-0.11641169107988868,-0.05469888884871825,0.007487678684514588,0.03807073030684372,-0.05711751356375741,-0.0836154946660963,-0.06483947097458234,0.5339195734247617,-0.1758329821328106,-0.1264028726500241,-0.023588313742360582,0.05536312979256477,0.14152340804378324,-0.1417915273885888,-0.059871743207057626,0.11692652343315942,-0.08553823502448281,-0.06111209047297182,-0.17202989103761648,-0.002451235589098713,0.01844893663256033,0.007192363371175794
2022-03-11,14306,0.0005593623415319,1.0,0.0015366350722185,1.0,1.0,4,0,0.0,0,0.0,0.0,0.0,0.0,0.0,0.0,0.0,0.0,0.0,0.0,0.0,0.0,0.0,0.0,0.0,0.0,0.0,0.0,0.0,0.0,0.0,0.0,0.0,0.0,0.0,0.0,0.0,0.0,0.0,0.0,0.0,0.0,0.0,0.0,0.0,0.0,0.0,0.0,0.0,0.0,0.0,0.0,0.0,0.0,0.0,0.0,0.0,0.0,0.0,0.0,0.0,0.0,0.0
2022-03-14,14328,0.0015366350722185,1.0,-0.0004886732618451,0.0,3.0,0,1,68.85805555555555,1,-0.1027,-0.06936595744680853,0.48936170212765956,0.425531914893617,-0.1027,-0.06936595744680853,-0.06936595744680853,-0.06936595744680853,0.3756432710424925,-0.2471496428675371,-0.1789537502110933,-0.005381125970179072,0.08764650899753403,0.09176693063196445,-0.18643731373515174,-0.006982475184928079,0.034195655758962294,-0.22035150988438734,-0.05254075901652236,0.12853495433433704,0.09065908403935258,-0.059462431785700175,0.033748874765023376,-0.020136372867842343,0.0052975936430027714,0.23636574208467234,-0.06995572748329454,-0.09948764007786788,0.2526679437675874,0.04522934353335932,0.02337823004166934,-0.07077162990327483,-0.10896464784205569,-0.05597365668034811,-0.012230029413481041,0.017487684881786487,-0.1775673440919662,0.1701532776178537,0.6425546007023127,-0.3331244510131413,-0.0013072943330975605,0.10692225777312286,-0.06161469630762403,0.08055520287466533,-0.04442472057720431,-0.07607807841195896,0.04032223040109736,-0.045089087570243366,-0.014675714403482948,-0.15091496092460993,0.051386949982283006,-0.019255407717348908,-0.056306081713510384
2022-03-15,14321,-0.0004886732618451,0.0,-0.0006985191678267,0.0,1.0,1,1,18.61777777777778,1,-0.8316,-0.25300500000000004,0.55,0.25,-0.8316,-0.25300500000000004,-0.25300500000000004,-0.25300500000000004,0.2527109309984507,-0.20798576350187142,-0.10622180620764965,-0.04997558634505183,0.05356050726994293,0.008179978911847697,-0.13287801966010554,-0.05236219645037276,0.07442184266197747,-0.2761590942327867,0.11154647530747383,-0.11112725041309429,0.102157819433007,0.04528779751019282,-0.03598497211483124,-0.24011956072062476,0.09135430986647616,0.004743494142887504,-0.26127077788998226,-0.02425988872560966,0.016486044594565923,-0.4639314463054226,-0.09948249709254296,0.12880383174352497,-0.20768664190860275,0.037063043919109286,0.1750998099425033,-0.07557062429962326,0.2144817377869575,0.07200640688711273,0.3071503125702456,-0.15310547026685434,0.019857796300102582,-0.052311378128783614,0.15303434854748652,0.40585419109441134,-0.2409118139722039,-0.1494189155071758,-0.00897802577755941,0.09065534222227228,-0.1753103324640509,0.2721251930509738,0.04768534422780642,0.19597477895438775,-0.16229737956452234
2022-03-16,14311,-0.0006985191678267,0.0,-0.0014684803869627,0.0,1.0,2,0,0.0,0,0.0,0.0,0.0,0.0,0.0,0.0,0.0,0.0,0.0,0.0,0.0,0.0,0.0,0.0,0.0,0.0,0.0,0.0,0.0,0.0,0.0,0.0,0.0,0.0,0.0,0.0,0.0,0.0,0.0,0.0,0.0,0.0,0.0,0.0,0.0,0.0,0.0,0.0,0.0,0.0,0.0,0.0,0.0,0.0,0.0,0.0,0.0,0.0,0.0,0.0,0.0,0.0,0.0
2022-03-17,14290,-0.0014684803869627,0.0,0.0034928432296981,1.0,1.0,3,0,0.0,0,0.0,0.0,0.0,0.0,0.0,0.0,0.0,0.0,0.0,0.0,0.0,0.0,0.0,0.0,0.0,0.0,0.0,0.0,0.0,0.0,0.0,0.0,0.0,0.0,0.0,0.0,0.0,0.0,0.0,0.0,0.0,0.0,0.0,0.0,0.0,0.0,0.0,0.0,0.0,0.0,0.0,0.0,0.0,0.0,0.0,0.0,0.0,0.0,0.0,0.0,0.0,0.0,0.0
2022-03-18,14340,0.0034928432296981,1.0,6.973257560103864e-05,1.0,1.0,4,0,0.0,0,0.0,0.0,0.0,0.0,0.0,0.0,0.0,0.0,0.0,0.0,0.0,0.0,0.0,0.0,0.0,0.0,0.0,0.0,0.0,0.0,0.0,0.0,0.0,0.0,0.0,0.0,0.0,0.0,0.0,0.0,0.0,0.0,0.0,0.0,0.0,0.0,0.0,0.0,0.0,0.0,0.0,0.0,0.0,0.0,0.0,0.0,0.0,0.0,0.0,0.0,0.0,0.0,0.0
2022-03-21,14341,6.973257560103864e-05,1.0,0.001184710407216,1.0,3.0,0,1,25.99,1,0.4404,0.13440967741935483,0.25806451612903225,0.4838709677419355,0.44039999999999996,0.13440967741935483,0.13440967741935483,0.13440967741935483,0.30096187597204216,-0.03195539569211317,0.1414822319632053,0.14214847616280904,0.01879250771133239,-0.2028672866831868,0.19168572257686095,-0.08101317927326734,0.11276690553728849,0.22460655466390986,0.022546835373430198,-0.06176995015750724,-0.23184981805535318,-0.00041994714647861553,0.2130486720587407,-0.2151160200064842,0.027852801473953644,0.20171120572655848,-0.08794581978043425,0.04360754248509636,-0.06196212812848545,-0.029773881707522733,-0.032714440509915635,-0.19606774567717927,0.11036073325280914,-0.08580354519648555,-0.3399290257639617,-0.1466123553667787,0.16872590304069057,0.08275060435380667,0.19285286264087714,0.27795635855340917,-0.5211979982684104,-0.2356007392493228,0.12713415447389365,-0.03153032591395889,0.0682290932186225,-0.10774487536904567,0.12836205576235693,-0.03811600893238832,0.20746245543449854,0.09958941515815953,-0.1030974795825708,-0.05562235252921341,0.14144845721874136
2022-03-22,14358,0.001184710407216,1.0,-0.0004876519654965,0.0,1.0,1,0,0.0,0,0.0,0.0,0.0,0.0,0.0,0.0,0.0,0.0,0.0,0.0,0.0,0.0,0.0,0.0,0.0,0.0,0.0,0.0,0.0,0.0,0.0,0.0,0.0,0.0,0.0,0.0,0.0,0.0,0.0,0.0,0.0,0.0,0.0,0.0,0.0,0.0,0.0,0.0,0.0,0.0,0.0,0.0,0.0,0.0,0.0,0.0,0.0,0.0,0.0,0.0,0.0,0.0,0.0
2022-03-23,14351,-0.0004876519654965,0.0,0.0006965728896869,1.0,1.0,2,0,0.0,0,0.0,0.0,0.0,0.0,0.0,0.0,0.0,0.0,0.0,0.0,0.0,0.0,0.0,0.0,0.0,0.0,0.0,0.0,0.0,0.0,0.0,0.0,0.0,0.0,0.0,0.0,0.0,0.0,0.0,0.0,0.0,0.0,0.0,0.0,0.0,0.0,0.0,0.0,0.0,0.0,0.0,0.0,0.0,0.0,0.0,0.0,0.0,0.0,0.0,0.0,0.0,0.0,0.0
2022-03-24,14361,0.0006965728896869,1.0,-0.0013936313314064,0.0,1.0,3,3,7.314166666666666,1,-0.05786666666666666,-0.07400785606874329,0.35329036877909054,0.307984246330111,-0.12078152696148513,-0.0926822548224658,-0.23868199999999998,0.03661632653061225,0.5095146389506109,0.010688404479399151,-0.23006433928341646,-0.08373664363538098,-0.03944498438034044,-0.039856322907368104,-0.0961555183171427,0.15682015290639775,0.13488212063983948,-0.24281104713758653,0.05584034156579257,0.05720900789638985,-0.11380456876250163,0.10664235591350689,0.07913387929290733,0.02488360660929582,-0.09352744840298774,0.08391375138271687,-0.13424111204202402,0.07282796723925827,0.0760471609525137,-0.015860076249419295,0.05666048073188888,0.02040336993450768,0.13405432338631987,-0.02805650503872213,-0.026348373325780626,-0.11354539506463947,-0.008790296516261169,-0.07553674219049525,0.4774626787453106,0.15624875956336892,-0.04325427068229437,-0.05229764918362577,-0.02195755318734664,-0.002607893970840931,0.14177792168085662,-0.05185841374312808,0.039937396121989696,0.03678528985062467,-0.01129630358204955,-0.07883913172324361,0.13339122875139722,-0.08090910671639741,0.07885304042813406
2022-03-25,14341,-0.0013936313314064,0.0,0.0013239958730029,1.0,1.0,4,1,13.394166666666669,1,0.0258,0.09803417721518987,0.17721518987341772,0.43037974683544306,0.0258,0.09803417721518987,0.09803417721518987,0.09803417721518987,0.3314668078209285,0.15872522054566765,0.035828551206033885,0.02169197248539186,0.05982911438601382,0.02210587515781913,0.010369421340697465,-0.3158733046587726,0.030241498115747212,0.07407852681452083,-0.2686652445781162,0.13503984617768122,0.023426043890287716,-0.10435560832774696,-0.048570008225185556,-0.039367658608660726,-0.04119958723544264,0.003309536295113974,0.20966834752313135,0.0901921480473778,0.16996087783065494,-0.0034896717102519082,0.014280786373069445,0.4903819606523046,0.005322863825510974,-0.13681449447332186,-0.11793677587313622,-0.15586983950901545,0.03662769025357858,-0.08781374023712397,0.04827606914567727,-0.022978333215897997,0.021506183112628627,0.048967092974944365,0.1258016183805141,-0.10982583738213843,0.10948976776838683,-0.04663536254018264,-0.10232982735890195,-0.08495442368471577,-0.24875136046820845,0.16672045064374397,0.1650181986065644,-0.14447237168482688,0.10275058450645505
2022-03-28,14360,0.0013239958730029,1.0,0.0002785127437582,1.0,3.0,0,4,15.481875,1,0.030224999999999988,-0.04670659423909425,0.3753163503163503,0.35181762681762685,0.013880569856265705,-0.06289632365841842,-0.11828571428571429,0.032172857142857135,0.556806448835628,-0.020848682067386166,0.04185903285481909,-0.129682175883317,-0.035462547069197055,-0.08201495633653547,0.16304435093270553,-0.013204559164724015,0.05200634952338169,-0.13355962003139424,-0.08198744953359437,-0.13406065288123545,-0.016319095413908594,-0.04486474040267641,-0.11556214635902394,-0.05675837205926062,0.029797880287552123,-0.0896882037300424,-0.10050485580084902,0.061259762471944625,-0.13791272178329475,0.03686485914806325,0.06330742707898127,-0.0938710374324941,-0.034005688197897586,-0.04750071868914286,-0.08753666884968528,0.03082387073898333,-0.02405954332324157,-0.004295389873019297,0.2409944688530175,0.35892894958545746,0.11486599691455718,-0.08071609410708488,-0.08339330346970455,-0.08464807783918256,0.2512443383764887,0.007149734691550636,0.17441936653681403,-0.001526252777762355,-0.04134341469080207,0.25353975631603737,-0.049093105721304146,0.1251225744414372,0.010756830136003743
2022-03-29,14364,0.0002785127437582,1.0,-0.0010448229975668,0.0,1.0,1,2,10.379305555555556,1,0.11315,0.04319042735042735,0.3196581196581197,0.39230769230769236,0.1500373716990422,0.0415058495694916,0.03802307692307692,0.04835777777777778,0.3698072315082018,0.047553324596286584,0.009578181354058832,0.036170565272595524,0.004418410914868251,0.052399483488011905,0.07646503761457303,-0.16654517327444102,0.1444833655036812,0.04566562540687186,-0.09294002118562053,0.14425466530931713,-0.09825422734585199,0.0323345111989201,0.10280131323014005,0.08227075168733186,0.04535603096300088,-0.052894308167739594,0.025170490205647694,-0.08430987988422631,0.022400831930294473,0.15423350283960152,-0.05024666149264674,-0.22366501229586624,-0.2471668239250452,0.3855327016942564,-0.03711184700687036,-0.17646722341736687,0.06376114984165242,-0.33533981678449676,0.2011599157483451,0.2517481794654289,-0.15416143947457547,-0.01620868654425819,0.38698171886626975,-0.05478290130135446,0.08165930283757232,0.26777403933895866,-0.15286758453470883,0.2982437303601931,0.07744566270457529,-0.15505573416899876,-0.2611648157537642,-0.2734967097709363,-0.1745452831946112
2022-03-30,14349,-0.0010448229975668,0.0,0.0005573747792873,1.0,1.0,2,1,5.551666666666667,1,0.5574,0.19154181818181817,0.10909090909090909,0.5272727272727272,0.5574,0.19154181818181815,0.19154181818181817,0.19154181818181817,0.33794770127486395,0.2407271192050812,0.019034867303326725,-0.2352890711169976,0.1370169503739222,-0.30583189996383175,-0.2070833579710982,-0.0406724324274375,-0.07176483003494055,0.06367878033749985,0.03457312804075473,-0.0037013216323496948,0.0777016591283674,0.053942110416635936,0.01962467738745337,-0.05330885450083665,-0.040674764451329545,0.0931094417365343,0.07384804253968981,-0.00685303653194653,-0.14671057108044952,-0.09014103019482465,0.059149568108871446,-0.05721073940313555,-0.09926090816433814,0.20891104452113599,0.13913412109212564,0.1572174189355574,-0.023403232488417663,0.03638946402665089,0.12315554888214955,0.2995875372411816,0.4037743357952487,-0.4297532656728008,-0.0659246231979144,-0.0025090530851848113,0.003099020969304294,-0.061521304743079326,-0.1660120285101219,-0.15409594316318695,0.0011482556386843493,-0.08609147395656117,0.07981118769978271,-0.13243807267730467,0.016645178400253507
2022-03-31,14357,0.0005573747792873,1.0,0.0004874482182795,1.0,1.0,3,3,9.989444444444445,1,-0.015666666666666662,-0.07763217094017094,0.41743589743589743,0.29435897435897435,-0.10741560424263195,-0.07928352030078473,-0.130296,-0.03390307692307692,0.5244442400518529,-0.20600214682602783,-0.03948648998994164,0.11463120361448881,-0.17908121533434745,-0.10555722395089548,-0.043314495434156865,0.0003482215108776591,-0.08692150108605622,-0.01701101255468258,-0.004882337334273696,0.1244223202008971,0.09622115251630828,-0.026538674267304652,-0.017525425253619026,-0.11926142255176256,-0.17419255869848238,0.05290881349695661,-0.042466638487735936,-0.02091084645174179,0.09312580647695202,0.030995060879169346,0.1723348759537593,-0.034241429251241164,0.02795534807002458,0.02949159585673758,-0.07102795489781803,0.032674070533648146,-0.0917837293870007,-0.07826078425315242,0.34047019537534307,0.3502590054786928,-0.4037356015837083,0.19859358412121098,-0.3968662412734102,-0.13413650232052637,-0.05390373367423718,0.0572141447350757,-0.20245038146725514,-0.06817932462751747,-0.01906252235518096,0.08969451944898225,0.07250176105758338,0.1269213904638731,-0.1017249462820281
2022-04-01,14364,0.0004874482182795,1.0,-0.0001392466757105,0.0,1.0,4,2,11.58888888888889,1,0.07655,0.0001042124542124448,0.35531135531135527,0.36996336996337,0.056424766295734445,-0.014718371286022925,-0.05627619047619049,0.056484615384615376,0.44371023485834776,0.010403943220615804,0.02426855969003819,-0.08446607360409181,-0.1438632296133804,-0.08855870136663464,0.21387913411662032,-0.05309616604986172,0.07088211612911648,-0.003536814763380881,0.0269191382595008,-0.154085701981903,0.024313682947156235,0.02342175875732431,-0.0427749104772181,-0.15798016907946968,-0.1796126082911329,0.05688199798119509,-0.011690298540642675,0.08608753735483941,0.07592883809143892,-0.07494967390821355,-0.029220749363514324,-0.0002565632902461623,0.26563808856789284,0.17290370137162703,0.1314255014477427,-0.0672457988274735,-0.33971493703410116,0.02276447311041313,0.23477945374447023,0.3276240369798798,-0.2472566447280648,-0.22324394305585551,-0.08238704710471079,-0.021724861836732876,0.0059061981815395955,-0.03287132174732457,0.0436928301835838,-0.2004874320548869,-0.0419252264752136,-0.052867458390149016,0.038044613447980075,0.03250808979799506,0.16536542886830208
2022-04-04,14362,-0.0001392466757105,0.0,-0.0009752700180896,0.0,3.0,0,1,7.373055555555555,1,0.0,0.21161724137931034,0.2413793103448276,0.6206896551724138,0.0,0.21161724137931034,0.21161724137931034,0.21161724137931034,0.303046848603527,0.0072145919353067455,0.3009931385856126,-0.11232512268328672,0.07120587604704784,0.004462267196760838,-0.019506892126752006,0.26953631022579516,-0.024041524302039822,0.12917342537617557,-0.04533031501280742,-0.005608566225602516,0.010623419474474802,-0.19652137327224622,0.04243842009640611,0.1492153353824517,0.0299794038687164,0.27667197858596176,-0.19400053961197972,0.06488210882344013,0.029323900276505735,-0.12143462295634853,-0.11447983016734058,0.04087971837465091,0.028711271137946942,0.2059357970948025,-0.15764661477193678,0.15939247113719698,-0.17518781575005063,-0.023806825089297348,0.07730492504357446,-0.055951931893385466,0.12269035955138764,0.005956046969968512,0.08616662269411891,-0.5389823150320832,-0.25986290311883037,-0.2521657641340017,0.14175464882665217,0.08313311187515694,0.11478040855420442,0.10572898237209605,-0.22937559377077188,0.22985882132245894,-0.05348787239343956
2022-04-05,14348,-0.0009752700180896,0.0,0.0011145166938001,1.0,1.0,1,1,23.49944444444445,1,-0.5719,0.15574000000000002,0.24,0.5333333333333333,-0.5719,0.15574000000000002,0.15574000000000002,0.15574000000000002,0.40044939357435366,0.050736772889666784,0.11722341865591651,0.020334409798691028,-0.040404592922855184,0.16810216514369566,-0.042998138247955994,-0.08326626863128142,0.07717256809243259,0.02236189453102387,-0.1732666024989587,0.13813112197156172,0.035338260392609656,-0.10452530118391469,0.095718854968477,0.02990584345953473,0.10130201924343316,0.025730225293202378,-0.21081412677273503,-0.06867812936695807,-0.2016455810381699,-0.09198144076543678,-0.08873817948354061,0.08482083599465258,0.029646219017499344,0.16952388217838324,-0.06503150790920342,0.2541853023631404,0.13321444936752072,0.0451244328953578,0.33563648847014804,-0.07792359818008596,0.020678048056795562,0.11256893807549957,0.29662198897376535,0.30042712923323056,-0.1800973007095085,-0.07513320895597062,-0.12281773654839889,0.04669288590954045,-0.057395345201123944,0.262194147562887,0.03995669311165912,0.04669198740524052,0.16670369078374225
2022-04-06,14364,0.0011145166938001,1.0,-0.0003481530515966,0.0,1.0,2,1,22.99972222222222,1,-0.6124,-0.0200764705882353,0.3235294117647059,0.35294117647058826,-0.6124,-0.0200764705882353,-0.0200764705882353,-0.0200764705882353,0.25830784723638756,0.009806958759089775,0.24544432497694846,-0.10096792299715543,0.0033319417549901916,0.20243377072066784,-0.04521530351072021,-0.013244945266552902,0.10165119445002772,0.18702253469970612,-0.14168369601119352,-0.02578377747459984,0.13835198330999096,0.2784888655205976,0.14879621481577576,-0.12837408304080164,0.1347882613449492,-0.09927191309420466,-0.2506384522766571,-0.12042718879500917,-0.009408426120324427,0.27790233156818694,0.009241587618571115,-0.06361632018519037,0.017159035801075306,-0.21572697073726738,0.43558030068072967,0.0489991484759154,-0.08355893687577033,-0.07137263315986002,0.08311607215476449,0.037747900497280246,-0.1210970407761373,-0.0877713423919351,0.07545873183613969,-0.0001560499393429282,-0.020318883776291968,0.00992065671738539,0.12262893383305323,-0.0534998952035885,0.19383459743557102,0.07188416890063973,0.04865056744471321,-0.006005603916297733,0.2806840264389694
2022-04-07,14359,-0.0003481530515966,0.0,0.000417769119013,1.0,1.0,3,1,18.03833333333333,1,-0.8316,-0.07339464285714285,0.35714285714285715,0.25,-0.8316,-0.07339464285714285,-0.07339464285714285,-0.07339464285714285,0.3033550867209579,-0.012624629184430946,0.18411013653544714,0.1479151464337062,-0.06408823422586425,-0.14982866460136904,0.06717805877188672,-0.03404317077118082,-0.13518553598245958,-0.08253956737216142,-0.13584987975309354,-0.019855382358998953,0.14160637115857602,0.02427104873745796,0.13790378748687537,0.29754016370313097,0.10569767135394001,-0.1936131931660282,-0.13052523957319287,0.49730636398480205,0.15464383418093666,0.007996160512356071,-0.17212001356364443,-0.06657455695640643,-0.07899678104452697,-0.1323658927727559,0.10147349586230539,-0.06682413913912676,0.08192821793263907,-0.03087634728913863,0.3320873310103024,0.016160878642641742,-0.13667854961897544,-0.17566224063287642,0.17890551959331616,0.32648959925095017,-0.1340692812558109,-0.18119485257823612,-0.02770849572991698,0.15824550878257745,-0.15330631817061105,0.15470315317052413,0.01763906517826915,0.13173433036691373,-0.28756035667933866
